-- phpMyAdmin SQL Dump
-- version 5.0.2
-- https://www.phpmyadmin.net/
--
-- Хост: 127.0.0.1:3306
-- Время создания: Янв 12 2021 г., 17:47
-- Версия сервера: 8.0.19
-- Версия PHP: 7.4.5

SET SQL_MODE = "NO_AUTO_VALUE_ON_ZERO";
START TRANSACTION;
SET time_zone = "+00:00";


/*!40101 SET @OLD_CHARACTER_SET_CLIENT=@@CHARACTER_SET_CLIENT */;
/*!40101 SET @OLD_CHARACTER_SET_RESULTS=@@CHARACTER_SET_RESULTS */;
/*!40101 SET @OLD_COLLATION_CONNECTION=@@COLLATION_CONNECTION */;
/*!40101 SET NAMES utf8mb4 */;

--
-- База данных: `analytics`
--

-- --------------------------------------------------------

--
-- Структура таблицы `brand`
--

CREATE TABLE `brand` (
  `id` int NOT NULL,
  `brand` varchar(100) NOT NULL
) ENGINE=InnoDB DEFAULT CHARSET=utf8;

--
-- Дамп данных таблицы `brand`
--

INSERT INTO `brand` (`id`, `brand`) VALUES
(1, 'Apple'),
(2, 'Samsung'),
(3, 'LG'),
(4, 'Sony'),
(5, 'Panasonic'),
(6, 'Xiaomi'),
(7, 'Bosch'),
(8, 'Acer'),
(9, 'Asus'),
(10, 'TP-link');

-- --------------------------------------------------------

--
-- Структура таблицы `categories`
--

CREATE TABLE `categories` (
  `id` int NOT NULL,
  `category` varchar(100) NOT NULL
) ENGINE=InnoDB DEFAULT CHARSET=utf8;

--
-- Дамп данных таблицы `categories`
--

INSERT INTO `categories` (`id`, `category`) VALUES
(1, 'Сматфоны'),
(2, 'Планшеты'),
(3, 'Ноутбуки'),
(4, 'Пылесосы'),
(5, 'Холодильники'),
(6, 'Роутеры'),
(7, 'Телевизоры'),
(8, 'Наушники'),
(9, 'Стиральная машина'),
(10, 'Видеорегистратор');

-- --------------------------------------------------------

--
-- Структура таблицы `manufacturer_countries`
--

CREATE TABLE `manufacturer_countries` (
  `id` int NOT NULL,
  `country` varchar(100) NOT NULL
) ENGINE=InnoDB DEFAULT CHARSET=utf8;

--
-- Дамп данных таблицы `manufacturer_countries`
--

INSERT INTO `manufacturer_countries` (`id`, `country`) VALUES
(1, 'Украина'),
(2, 'Китай'),
(3, 'США'),
(4, 'Вьетнам'),
(5, 'Тайланд'),
(6, 'Япония');

-- --------------------------------------------------------

--
-- Структура таблицы `orders`
--

CREATE TABLE `orders` (
  `id_order` int NOT NULL,
  `id_shop` int NOT NULL,
  `date_sale` date NOT NULL
) ENGINE=InnoDB DEFAULT CHARSET=utf8;

--
-- Дамп данных таблицы `orders`
--

INSERT INTO `orders` (`id_order`, `id_shop`, `date_sale`) VALUES
(2008, 9, '2020-12-17'),
(2009, 4, '2020-12-25'),
(2010, 5, '2020-10-28'),
(2011, 9, '2020-11-10'),
(2012, 9, '2020-10-16'),
(2013, 10, '2020-10-06'),
(2014, 1, '2020-12-02'),
(2015, 10, '2020-12-29'),
(2016, 8, '2020-12-10'),
(2017, 4, '2020-12-28'),
(2018, 2, '2020-12-26'),
(2019, 8, '2020-10-07'),
(2020, 2, '2020-10-25'),
(2021, 9, '2020-11-30'),
(2022, 10, '2020-10-03'),
(2023, 10, '2020-11-16'),
(2024, 7, '2020-10-26'),
(2025, 6, '2020-10-06'),
(2026, 7, '2020-12-15'),
(2027, 9, '2020-10-12'),
(2028, 9, '2020-11-18'),
(2029, 1, '2020-11-21'),
(2030, 8, '2020-12-22'),
(2031, 10, '2020-10-17'),
(2032, 3, '2020-11-26'),
(2033, 6, '2020-10-02'),
(2034, 1, '2020-10-13'),
(2035, 4, '2020-10-21'),
(2036, 8, '2020-11-28'),
(2037, 2, '2020-11-18'),
(2038, 6, '2020-11-06'),
(2039, 4, '2020-11-08'),
(2040, 9, '2020-12-07'),
(2041, 5, '2020-10-31'),
(2042, 6, '2020-12-04'),
(2043, 10, '2020-11-14'),
(2044, 9, '2020-12-07'),
(2045, 9, '2020-12-27'),
(2046, 5, '2020-11-23'),
(2047, 1, '2020-10-26'),
(2048, 9, '2020-11-28'),
(2049, 2, '2020-11-19'),
(2050, 5, '2020-12-25'),
(2051, 8, '2020-11-09'),
(2052, 8, '2020-10-10'),
(2053, 6, '2020-11-19'),
(2054, 4, '2020-12-11'),
(2055, 1, '2020-12-06'),
(2056, 10, '2020-11-02'),
(2057, 6, '2020-11-11'),
(2058, 4, '2020-10-15'),
(2059, 1, '2020-12-01'),
(2060, 10, '2020-11-12'),
(2061, 6, '2020-10-26'),
(2062, 3, '2020-12-08'),
(2063, 7, '2020-10-04'),
(2064, 4, '2020-11-09'),
(2065, 9, '2020-10-16'),
(2066, 4, '2020-11-21'),
(2067, 10, '2020-12-13'),
(2068, 6, '2020-10-16'),
(2069, 4, '2020-10-02'),
(2070, 5, '2020-10-04'),
(2071, 1, '2020-10-31'),
(2072, 1, '2020-10-18'),
(2073, 9, '2020-10-12'),
(2074, 9, '2020-11-02'),
(2075, 1, '2020-12-27'),
(2076, 7, '2020-11-08'),
(2077, 1, '2020-10-20'),
(2078, 10, '2020-11-06'),
(2079, 10, '2020-11-27'),
(2080, 3, '2020-12-06'),
(2081, 3, '2020-12-08'),
(2082, 6, '2020-12-15'),
(2083, 1, '2020-10-07'),
(2084, 8, '2020-11-05'),
(2085, 2, '2020-11-07'),
(2086, 10, '2020-10-01'),
(2087, 10, '2020-11-26'),
(2088, 8, '2020-12-02'),
(2089, 7, '2020-11-26'),
(2090, 9, '2020-11-26'),
(2091, 1, '2020-11-06'),
(2092, 9, '2020-10-06'),
(2093, 8, '2020-12-28'),
(2094, 9, '2020-10-28'),
(2095, 8, '2020-11-14'),
(2096, 6, '2020-10-05'),
(2097, 3, '2020-12-30'),
(2098, 9, '2020-11-12'),
(2099, 4, '2020-10-08'),
(2100, 9, '2020-12-07'),
(2101, 3, '2020-10-01'),
(2102, 8, '2020-11-20'),
(2103, 4, '2020-12-26'),
(2104, 8, '2020-10-26'),
(2105, 5, '2020-10-30'),
(2106, 8, '2020-12-16'),
(2107, 8, '2020-10-23'),
(2108, 3, '2020-11-17'),
(2109, 4, '2020-10-15'),
(2110, 2, '2020-12-16'),
(2111, 10, '2020-12-13'),
(2112, 4, '2020-12-29'),
(2113, 6, '2020-12-15'),
(2114, 2, '2020-10-23'),
(2115, 2, '2020-11-28'),
(2116, 6, '2020-12-10'),
(2117, 3, '2020-12-02'),
(2118, 5, '2020-10-12'),
(2119, 7, '2020-11-10'),
(2120, 2, '2020-11-21'),
(2121, 7, '2020-11-06'),
(2122, 8, '2020-12-14'),
(2123, 5, '2020-10-15'),
(2124, 2, '2020-11-22'),
(2125, 9, '2020-12-30'),
(2126, 5, '2020-12-26'),
(2127, 5, '2020-11-05'),
(2128, 2, '2020-11-19'),
(2129, 9, '2020-11-13'),
(2130, 7, '2020-12-21'),
(2131, 1, '2020-11-14'),
(2132, 4, '2020-10-02'),
(2133, 1, '2020-12-23'),
(2134, 4, '2020-11-11'),
(2135, 1, '2020-11-20'),
(2136, 9, '2020-11-05'),
(2137, 7, '2020-12-12'),
(2138, 10, '2020-11-22'),
(2139, 8, '2020-10-30'),
(2140, 5, '2020-12-07'),
(2141, 5, '2020-11-30'),
(2142, 10, '2020-11-13'),
(2143, 9, '2020-11-16'),
(2144, 9, '2020-12-12'),
(2145, 1, '2020-11-05'),
(2146, 5, '2020-10-03'),
(2147, 2, '2020-11-18'),
(2148, 9, '2020-10-21'),
(2149, 8, '2020-10-12'),
(2150, 6, '2020-11-30'),
(2151, 7, '2020-10-24'),
(2152, 1, '2020-10-31'),
(2153, 9, '2020-10-20'),
(2154, 9, '2020-12-29'),
(2155, 10, '2020-11-19'),
(2156, 8, '2020-10-24'),
(2157, 1, '2020-12-23'),
(2158, 2, '2020-11-17'),
(2159, 1, '2020-12-07'),
(2160, 4, '2020-10-30'),
(2161, 4, '2020-12-30'),
(2162, 8, '2020-10-20'),
(2163, 3, '2020-10-07'),
(2164, 5, '2020-11-21'),
(2165, 8, '2020-12-23'),
(2166, 4, '2020-11-21'),
(2167, 7, '2020-12-27'),
(2168, 3, '2020-12-06'),
(2169, 9, '2020-11-07'),
(2170, 8, '2020-11-03'),
(2171, 1, '2020-12-25'),
(2172, 3, '2020-11-21'),
(2173, 3, '2020-10-14'),
(2174, 9, '2020-10-31'),
(2175, 8, '2020-10-24'),
(2176, 1, '2020-12-10'),
(2177, 7, '2020-10-12'),
(2178, 8, '2020-12-25'),
(2179, 1, '2020-10-05'),
(2180, 1, '2020-10-20'),
(2181, 6, '2020-11-07'),
(2182, 8, '2020-12-22'),
(2183, 1, '2020-12-03'),
(2184, 8, '2020-11-05'),
(2185, 2, '2020-12-24'),
(2186, 6, '2020-11-06'),
(2187, 9, '2020-11-28'),
(2188, 5, '2020-11-10'),
(2189, 7, '2020-12-21'),
(2190, 10, '2020-10-09'),
(2191, 8, '2020-10-09'),
(2192, 4, '2020-11-15'),
(2193, 2, '2020-11-17'),
(2194, 5, '2020-12-01'),
(2195, 10, '2020-12-20'),
(2196, 1, '2020-12-17'),
(2197, 1, '2020-11-02'),
(2198, 10, '2020-11-11'),
(2199, 10, '2020-11-16'),
(2200, 5, '2020-11-17'),
(2201, 6, '2020-10-27'),
(2202, 1, '2020-12-29'),
(2203, 8, '2020-11-08'),
(2204, 2, '2020-12-05'),
(2205, 7, '2020-11-28'),
(2206, 6, '2020-12-03'),
(2207, 3, '2020-12-31'),
(2208, 3, '2020-10-16'),
(2209, 3, '2020-10-26'),
(2210, 3, '2020-11-23'),
(2211, 6, '2020-10-15'),
(2212, 5, '2020-12-13'),
(2213, 5, '2020-11-14'),
(2214, 5, '2020-12-06'),
(2215, 10, '2020-11-02'),
(2216, 7, '2020-10-22'),
(2217, 6, '2020-10-04'),
(2218, 6, '2020-12-05'),
(2219, 4, '2020-12-15'),
(2220, 1, '2020-10-10'),
(2221, 10, '2020-12-01'),
(2222, 2, '2020-10-15'),
(2223, 3, '2020-12-09'),
(2224, 7, '2020-12-15'),
(2225, 3, '2020-10-17'),
(2226, 5, '2020-11-13'),
(2227, 10, '2020-12-13'),
(2228, 3, '2020-11-14'),
(2229, 8, '2020-10-04'),
(2230, 6, '2020-12-30'),
(2231, 10, '2020-10-07'),
(2232, 5, '2020-12-29'),
(2233, 4, '2020-12-29'),
(2234, 6, '2020-11-20'),
(2235, 6, '2020-10-06'),
(2236, 1, '2020-11-08'),
(2237, 1, '2020-12-27'),
(2238, 6, '2020-10-04'),
(2239, 7, '2020-10-07'),
(2240, 4, '2020-11-20'),
(2241, 3, '2020-11-27'),
(2242, 8, '2020-10-15'),
(2243, 9, '2020-10-12'),
(2244, 9, '2020-12-20'),
(2245, 4, '2020-11-24'),
(2246, 1, '2020-10-31'),
(2247, 9, '2020-11-04'),
(2248, 7, '2020-11-27'),
(2249, 3, '2020-11-03'),
(2250, 2, '2020-12-09'),
(2251, 1, '2020-10-11'),
(2252, 9, '2020-10-17'),
(2253, 10, '2020-12-25'),
(2254, 1, '2020-12-20'),
(2255, 10, '2020-11-22'),
(2256, 3, '2020-10-08'),
(2257, 1, '2020-11-19'),
(2258, 7, '2020-12-15'),
(2259, 10, '2020-12-29'),
(2260, 1, '2020-11-24'),
(2261, 7, '2020-11-19'),
(2262, 1, '2020-10-04'),
(2263, 7, '2020-10-15'),
(2264, 3, '2020-11-24'),
(2265, 7, '2020-10-19'),
(2266, 7, '2020-12-01'),
(2267, 10, '2020-12-23'),
(2268, 6, '2020-12-04'),
(2269, 4, '2020-11-09'),
(2270, 3, '2020-10-31'),
(2271, 2, '2020-11-09'),
(2272, 5, '2020-12-19'),
(2273, 2, '2020-11-16'),
(2274, 10, '2020-11-30'),
(2275, 5, '2020-10-02'),
(2276, 4, '2020-10-30'),
(2277, 1, '2020-12-08'),
(2278, 9, '2020-10-19'),
(2279, 7, '2020-11-28'),
(2280, 6, '2020-11-14'),
(2281, 5, '2020-11-25'),
(2282, 8, '2020-11-11'),
(2283, 3, '2020-11-05'),
(2284, 8, '2020-10-14'),
(2285, 4, '2020-10-02'),
(2286, 5, '2020-12-02'),
(2287, 5, '2020-12-03'),
(2288, 3, '2020-12-18'),
(2289, 10, '2020-11-17'),
(2290, 6, '2020-10-11'),
(2291, 1, '2020-12-12'),
(2292, 9, '2020-11-10'),
(2293, 10, '2020-11-13'),
(2294, 7, '2020-10-01'),
(2295, 7, '2020-10-27'),
(2296, 1, '2020-12-16'),
(2297, 9, '2020-12-20'),
(2298, 3, '2020-10-11'),
(2299, 3, '2020-12-18'),
(2300, 1, '2020-11-02'),
(2301, 7, '2020-10-29'),
(2302, 7, '2020-10-26'),
(2303, 8, '2020-12-03'),
(2304, 1, '2020-11-11'),
(2305, 8, '2020-11-29'),
(2306, 2, '2020-12-09'),
(2307, 10, '2020-12-29'),
(2308, 7, '2020-10-08'),
(2309, 5, '2020-10-01'),
(2310, 3, '2020-11-29'),
(2311, 3, '2020-12-25'),
(2312, 6, '2020-12-10'),
(2313, 8, '2020-11-03'),
(2314, 3, '2020-11-25'),
(2315, 3, '2020-11-25'),
(2316, 1, '2020-10-17'),
(2317, 8, '2020-11-13'),
(2318, 8, '2020-10-04'),
(2319, 7, '2020-12-29'),
(2320, 7, '2020-11-19'),
(2321, 6, '2020-10-29'),
(2322, 8, '2020-10-09'),
(2323, 1, '2020-12-06'),
(2324, 5, '2020-12-30'),
(2325, 2, '2020-10-21'),
(2326, 7, '2020-12-26'),
(2327, 2, '2020-11-18'),
(2328, 2, '2020-12-21'),
(2329, 4, '2020-10-17'),
(2330, 6, '2020-10-19'),
(2331, 3, '2020-11-30'),
(2332, 1, '2020-10-16'),
(2333, 10, '2020-10-26'),
(2334, 2, '2020-11-18'),
(2335, 6, '2020-10-13'),
(2336, 10, '2020-11-26'),
(2337, 1, '2020-12-01'),
(2338, 2, '2020-10-01'),
(2339, 10, '2020-11-18'),
(2340, 6, '2020-10-11'),
(2341, 2, '2020-12-25'),
(2342, 8, '2020-12-03'),
(2343, 1, '2020-12-24'),
(2344, 6, '2020-12-26'),
(2345, 6, '2020-12-28'),
(2346, 6, '2020-11-07'),
(2347, 1, '2020-12-03'),
(2348, 9, '2020-12-13'),
(2349, 1, '2020-11-28'),
(2350, 5, '2020-12-10'),
(2351, 3, '2020-11-17'),
(2352, 8, '2020-10-30'),
(2353, 2, '2020-11-20'),
(2354, 5, '2020-12-29'),
(2355, 2, '2020-10-10'),
(2356, 2, '2020-10-05'),
(2357, 4, '2020-10-26'),
(2358, 2, '2020-12-12'),
(2359, 8, '2020-10-13'),
(2360, 9, '2020-10-07'),
(2361, 2, '2020-10-03'),
(2362, 3, '2020-11-27'),
(2363, 8, '2020-10-16'),
(2364, 3, '2020-10-07'),
(2365, 7, '2020-11-09'),
(2366, 5, '2020-12-23'),
(2367, 9, '2020-11-30'),
(2368, 4, '2020-12-27'),
(2369, 10, '2020-10-17'),
(2370, 4, '2020-11-28'),
(2371, 9, '2020-12-22'),
(2372, 9, '2020-10-25'),
(2373, 7, '2020-11-06'),
(2374, 2, '2020-10-16'),
(2375, 9, '2020-11-11'),
(2376, 5, '2020-10-21'),
(2377, 10, '2020-11-23'),
(2378, 9, '2020-10-29'),
(2379, 8, '2020-10-17'),
(2380, 7, '2020-10-10'),
(2381, 4, '2020-12-14'),
(2382, 7, '2020-12-25'),
(2383, 1, '2020-10-12'),
(2384, 7, '2020-12-16'),
(2385, 4, '2020-12-15'),
(2386, 7, '2020-12-08'),
(2387, 8, '2020-11-18'),
(2388, 9, '2020-12-15'),
(2389, 1, '2020-12-23'),
(2390, 5, '2020-12-01'),
(2391, 6, '2020-11-16'),
(2392, 6, '2020-11-02'),
(2393, 4, '2020-11-06'),
(2394, 6, '2020-11-24'),
(2395, 3, '2020-11-09'),
(2396, 6, '2020-10-27'),
(2397, 9, '2020-10-29'),
(2398, 10, '2020-12-04'),
(2399, 6, '2020-11-24'),
(2400, 1, '2020-10-31'),
(2401, 6, '2020-10-27'),
(2402, 5, '2020-12-19'),
(2403, 6, '2020-10-23'),
(2404, 8, '2020-11-20'),
(2405, 9, '2020-11-01'),
(2406, 1, '2020-11-22'),
(2407, 6, '2020-12-23'),
(2408, 7, '2020-12-23'),
(2409, 2, '2020-12-01'),
(2410, 1, '2020-10-09'),
(2411, 4, '2020-10-24'),
(2412, 1, '2020-10-16'),
(2413, 8, '2020-10-06'),
(2414, 7, '2020-10-07'),
(2415, 9, '2020-12-03'),
(2416, 9, '2020-10-24'),
(2417, 2, '2020-11-09'),
(2418, 9, '2020-12-04'),
(2419, 3, '2020-12-15'),
(2420, 8, '2020-10-26'),
(2421, 10, '2020-11-13'),
(2422, 7, '2020-11-13'),
(2423, 3, '2020-12-15'),
(2424, 5, '2020-10-06'),
(2425, 6, '2020-12-04'),
(2426, 8, '2020-12-01'),
(2427, 7, '2020-11-10'),
(2428, 5, '2020-10-27'),
(2429, 6, '2020-12-04'),
(2430, 8, '2020-10-04'),
(2431, 10, '2020-10-15'),
(2432, 5, '2020-11-11'),
(2433, 3, '2020-10-25'),
(2434, 2, '2020-11-17'),
(2435, 8, '2020-10-08'),
(2436, 4, '2020-10-11'),
(2437, 8, '2020-12-08'),
(2438, 7, '2020-12-10'),
(2439, 8, '2020-10-31'),
(2440, 1, '2020-10-03'),
(2441, 4, '2020-11-04'),
(2442, 9, '2020-12-17'),
(2443, 2, '2020-11-26'),
(2444, 4, '2020-12-21'),
(2445, 5, '2020-11-03'),
(2446, 7, '2020-10-22'),
(2447, 3, '2020-12-16'),
(2448, 5, '2020-12-29'),
(2449, 4, '2020-12-14'),
(2450, 9, '2020-12-06'),
(2451, 9, '2020-12-26'),
(2452, 2, '2020-11-23'),
(2453, 2, '2020-11-01'),
(2454, 5, '2020-12-19'),
(2455, 7, '2020-11-21'),
(2456, 6, '2020-10-11'),
(2457, 10, '2020-10-06'),
(2458, 8, '2020-10-06'),
(2459, 10, '2020-11-23'),
(2460, 1, '2020-12-27'),
(2461, 2, '2020-10-12'),
(2462, 10, '2020-11-08'),
(2463, 2, '2020-11-29'),
(2464, 4, '2020-11-22'),
(2465, 6, '2020-12-22'),
(2466, 8, '2020-10-01'),
(2467, 7, '2020-12-20'),
(2468, 2, '2020-10-10'),
(2469, 1, '2020-12-22'),
(2470, 2, '2020-12-10'),
(2471, 9, '2020-10-07'),
(2472, 9, '2020-11-02'),
(2473, 7, '2020-10-03'),
(2474, 3, '2020-11-03'),
(2475, 1, '2020-12-12'),
(2476, 8, '2020-10-03'),
(2477, 4, '2020-12-05'),
(2478, 1, '2020-11-20'),
(2479, 10, '2020-12-10'),
(2480, 6, '2020-12-16'),
(2481, 5, '2020-11-16'),
(2482, 7, '2020-11-04'),
(2483, 8, '2020-10-29'),
(2484, 7, '2020-11-18'),
(2485, 2, '2020-12-30'),
(2486, 6, '2020-11-09'),
(2487, 9, '2020-12-04'),
(2488, 4, '2020-11-01'),
(2489, 6, '2020-10-26'),
(2490, 4, '2020-11-11'),
(2491, 6, '2020-10-09'),
(2492, 6, '2020-11-25'),
(2493, 6, '2020-12-20'),
(2494, 4, '2020-12-15'),
(2495, 1, '2020-12-28'),
(2496, 3, '2020-10-03'),
(2497, 2, '2020-12-05'),
(2498, 4, '2020-12-07'),
(2499, 5, '2020-10-09'),
(2500, 4, '2020-10-19'),
(2501, 10, '2020-10-07'),
(2502, 2, '2020-11-02'),
(2503, 10, '2020-10-06'),
(2504, 10, '2020-10-14'),
(2505, 4, '2020-12-06'),
(2506, 7, '2020-12-26'),
(2507, 1, '2020-12-25'),
(2508, 7, '2020-11-28'),
(2509, 3, '2020-10-14'),
(2510, 7, '2020-10-03'),
(2511, 8, '2020-11-12'),
(2512, 10, '2020-11-13'),
(2513, 9, '2020-10-24'),
(2514, 3, '2020-10-06'),
(2515, 9, '2020-10-27'),
(2516, 9, '2020-11-15'),
(2517, 10, '2020-10-24'),
(2518, 9, '2020-10-09'),
(2519, 2, '2020-11-07'),
(2520, 9, '2020-12-21'),
(2521, 6, '2020-11-24'),
(2522, 5, '2020-10-13'),
(2523, 5, '2020-11-29'),
(2524, 6, '2020-12-16'),
(2525, 7, '2020-12-09'),
(2526, 7, '2020-12-05'),
(2527, 10, '2020-11-01'),
(2528, 7, '2020-11-03'),
(2529, 5, '2020-11-24'),
(2530, 6, '2020-10-16'),
(2531, 10, '2020-12-15'),
(2532, 1, '2020-11-16'),
(2533, 4, '2020-12-08'),
(2534, 2, '2020-10-30'),
(2535, 2, '2020-11-23'),
(2536, 9, '2020-10-15'),
(2537, 1, '2020-11-18'),
(2538, 8, '2020-12-15'),
(2539, 1, '2020-11-22'),
(2540, 5, '2020-10-17'),
(2541, 1, '2020-11-08'),
(2542, 4, '2020-12-04'),
(2543, 7, '2020-12-22'),
(2544, 7, '2020-12-19'),
(2545, 1, '2020-11-28'),
(2546, 3, '2020-10-30'),
(2547, 5, '2020-10-15'),
(2548, 10, '2020-10-02'),
(2549, 2, '2020-10-22'),
(2550, 10, '2020-12-27'),
(2551, 7, '2020-12-20'),
(2552, 8, '2020-12-24'),
(2553, 7, '2020-12-24'),
(2554, 4, '2020-10-16'),
(2555, 10, '2020-10-23'),
(2556, 1, '2020-10-26'),
(2557, 9, '2020-12-17'),
(2558, 1, '2020-12-06'),
(2559, 8, '2020-11-29'),
(2560, 8, '2020-10-05'),
(2561, 9, '2020-10-22'),
(2562, 6, '2020-11-08'),
(2563, 10, '2020-11-09'),
(2564, 3, '2020-11-28'),
(2565, 10, '2020-10-19'),
(2566, 7, '2020-12-24'),
(2567, 3, '2020-12-17'),
(2568, 3, '2020-10-22'),
(2569, 7, '2020-11-13'),
(2570, 10, '2020-10-17'),
(2571, 7, '2020-11-28'),
(2572, 3, '2020-10-15'),
(2573, 5, '2020-12-23'),
(2574, 3, '2020-11-28'),
(2575, 6, '2020-10-05'),
(2576, 1, '2020-11-02'),
(2577, 4, '2020-10-19'),
(2578, 1, '2020-12-09'),
(2579, 9, '2020-11-05'),
(2580, 2, '2020-12-05'),
(2581, 9, '2020-10-08'),
(2582, 4, '2020-10-14'),
(2583, 7, '2020-10-04'),
(2584, 1, '2020-12-27'),
(2585, 10, '2020-11-05'),
(2586, 10, '2020-11-30'),
(2587, 6, '2020-10-29'),
(2588, 2, '2020-12-07'),
(2589, 4, '2020-10-17'),
(2590, 8, '2020-10-17'),
(2591, 4, '2020-12-07'),
(2592, 6, '2020-10-20'),
(2593, 8, '2020-11-21'),
(2594, 9, '2020-11-04'),
(2595, 2, '2020-11-05'),
(2596, 5, '2020-10-22'),
(2597, 9, '2020-11-22'),
(2598, 7, '2020-11-27'),
(2599, 3, '2020-10-16'),
(2600, 8, '2020-12-29'),
(2601, 8, '2020-10-30'),
(2602, 6, '2020-12-20'),
(2603, 8, '2020-11-23'),
(2604, 5, '2020-12-12'),
(2605, 2, '2020-12-07'),
(2606, 7, '2020-11-21'),
(2607, 1, '2020-12-27'),
(2608, 7, '2020-12-11'),
(2609, 3, '2020-11-11'),
(2610, 3, '2020-10-26'),
(2611, 9, '2020-11-05'),
(2612, 6, '2020-11-11'),
(2613, 10, '2020-12-14'),
(2614, 4, '2020-11-17'),
(2615, 10, '2020-12-08'),
(2616, 5, '2020-10-21'),
(2617, 7, '2020-12-14'),
(2618, 8, '2020-10-23'),
(2619, 7, '2020-10-24'),
(2620, 3, '2020-11-24'),
(2621, 8, '2020-12-18'),
(2622, 6, '2020-12-24'),
(2623, 1, '2020-12-31'),
(2624, 2, '2020-11-16'),
(2625, 2, '2020-10-19'),
(2626, 5, '2020-12-18'),
(2627, 8, '2020-12-02'),
(2628, 2, '2020-12-02'),
(2629, 7, '2020-11-30'),
(2630, 1, '2020-11-01'),
(2631, 4, '2020-11-07'),
(2632, 8, '2020-10-12'),
(2633, 7, '2020-11-15'),
(2634, 10, '2020-10-07'),
(2635, 4, '2020-10-01'),
(2636, 4, '2020-10-30'),
(2637, 8, '2020-11-06'),
(2638, 4, '2020-10-09'),
(2639, 7, '2020-12-01'),
(2640, 8, '2020-12-22'),
(2641, 7, '2020-12-10'),
(2642, 8, '2020-12-16'),
(2643, 3, '2020-12-22'),
(2644, 1, '2020-12-05'),
(2645, 1, '2020-12-06'),
(2646, 5, '2020-11-05'),
(2647, 10, '2020-12-28'),
(2648, 10, '2020-12-31'),
(2649, 5, '2020-11-03'),
(2650, 5, '2020-11-03'),
(2651, 3, '2020-11-29'),
(2652, 9, '2020-11-06'),
(2653, 10, '2020-11-03'),
(2654, 4, '2020-10-20'),
(2655, 5, '2020-11-29'),
(2656, 2, '2020-10-23'),
(2657, 3, '2020-12-06'),
(2658, 10, '2020-10-07'),
(2659, 8, '2020-10-13'),
(2660, 9, '2020-10-07'),
(2661, 5, '2020-10-20'),
(2662, 4, '2020-10-23'),
(2663, 2, '2020-10-12'),
(2664, 2, '2020-10-23'),
(2665, 8, '2020-10-27'),
(2666, 2, '2020-10-21'),
(2667, 1, '2020-11-21'),
(2668, 4, '2020-11-29'),
(2669, 4, '2020-12-01'),
(2670, 6, '2020-11-06'),
(2671, 6, '2020-10-12'),
(2672, 9, '2020-12-25'),
(2673, 6, '2020-11-27'),
(2674, 1, '2020-11-29'),
(2675, 8, '2020-11-08'),
(2676, 7, '2020-10-31'),
(2677, 10, '2020-10-31'),
(2678, 5, '2020-12-29'),
(2679, 4, '2020-10-17'),
(2680, 10, '2020-12-23'),
(2681, 4, '2020-12-26'),
(2682, 6, '2020-12-26'),
(2683, 9, '2020-11-22'),
(2684, 8, '2020-10-20'),
(2685, 3, '2020-11-14'),
(2686, 1, '2020-12-04'),
(2687, 4, '2020-10-13'),
(2688, 3, '2020-11-14'),
(2689, 4, '2020-12-01'),
(2690, 3, '2020-10-15'),
(2691, 10, '2020-11-11'),
(2692, 2, '2020-11-05'),
(2693, 4, '2020-11-07'),
(2694, 3, '2020-12-18'),
(2695, 7, '2020-11-01'),
(2696, 4, '2020-11-03'),
(2697, 1, '2020-12-15'),
(2698, 6, '2020-10-02'),
(2699, 2, '2020-11-02'),
(2700, 3, '2020-12-10'),
(2701, 1, '2020-12-31'),
(2702, 5, '2020-10-04'),
(2703, 9, '2020-12-28'),
(2704, 7, '2020-12-22'),
(2705, 9, '2020-10-04'),
(2706, 4, '2020-10-08'),
(2707, 8, '2020-12-04'),
(2708, 8, '2020-10-14'),
(2709, 5, '2020-12-23'),
(2710, 9, '2020-10-10'),
(2711, 10, '2020-12-10'),
(2712, 5, '2020-10-05'),
(2713, 3, '2020-11-24'),
(2714, 1, '2020-11-21'),
(2715, 2, '2020-11-04'),
(2716, 10, '2020-10-10'),
(2717, 4, '2020-11-07'),
(2718, 5, '2020-10-30'),
(2719, 1, '2020-11-03'),
(2720, 2, '2020-11-25'),
(2721, 4, '2020-10-13'),
(2722, 7, '2020-11-29'),
(2723, 5, '2020-10-30'),
(2724, 2, '2020-11-19'),
(2725, 7, '2020-12-20'),
(2726, 2, '2020-12-25'),
(2727, 1, '2020-11-07'),
(2728, 2, '2020-11-22'),
(2729, 9, '2020-12-28'),
(2730, 7, '2020-10-05'),
(2731, 5, '2020-11-26'),
(2732, 4, '2020-10-30'),
(2733, 8, '2020-10-15'),
(2734, 7, '2020-10-21'),
(2735, 10, '2020-12-28'),
(2736, 9, '2020-12-21'),
(2737, 5, '2020-11-21'),
(2738, 8, '2020-12-28'),
(2739, 1, '2020-12-03'),
(2740, 4, '2020-11-11'),
(2741, 8, '2020-11-16'),
(2742, 2, '2020-11-07'),
(2743, 3, '2020-10-01'),
(2744, 4, '2020-12-04'),
(2745, 8, '2020-12-28'),
(2746, 6, '2020-10-14'),
(2747, 6, '2020-12-09'),
(2748, 3, '2020-11-18'),
(2749, 5, '2020-10-24'),
(2750, 5, '2020-11-07'),
(2751, 10, '2020-11-23'),
(2752, 5, '2020-10-15'),
(2753, 4, '2020-12-01'),
(2754, 3, '2020-12-12'),
(2755, 10, '2020-12-22'),
(2756, 1, '2020-11-24'),
(2757, 7, '2020-12-02'),
(2758, 5, '2020-12-26'),
(2759, 8, '2020-10-25'),
(2760, 7, '2020-10-18'),
(2761, 8, '2020-10-10'),
(2762, 2, '2020-10-08'),
(2763, 10, '2020-10-30'),
(2764, 3, '2020-12-19'),
(2765, 3, '2020-10-06'),
(2766, 5, '2020-12-03'),
(2767, 3, '2020-11-20'),
(2768, 6, '2020-12-22'),
(2769, 10, '2020-10-07'),
(2770, 10, '2020-12-04'),
(2771, 7, '2020-12-06'),
(2772, 2, '2020-10-18'),
(2773, 10, '2020-10-18'),
(2774, 2, '2020-11-24'),
(2775, 4, '2020-12-07'),
(2776, 4, '2020-12-03'),
(2777, 8, '2020-10-16'),
(2778, 7, '2020-12-23'),
(2779, 5, '2020-11-16'),
(2780, 2, '2020-12-11'),
(2781, 6, '2020-11-25'),
(2782, 7, '2020-12-02'),
(2783, 4, '2020-10-07'),
(2784, 1, '2020-10-02'),
(2785, 9, '2020-10-17'),
(2786, 3, '2020-10-08'),
(2787, 6, '2020-12-27'),
(2788, 3, '2020-11-20'),
(2789, 6, '2020-12-27'),
(2790, 1, '2020-12-23'),
(2791, 10, '2020-12-13'),
(2792, 6, '2020-10-21'),
(2793, 4, '2020-10-17'),
(2794, 4, '2020-12-10'),
(2795, 10, '2020-12-22'),
(2796, 4, '2020-10-18'),
(2797, 4, '2020-12-12'),
(2798, 7, '2020-12-05'),
(2799, 8, '2020-12-17'),
(2800, 4, '2020-10-09'),
(2801, 6, '2020-12-17'),
(2802, 2, '2020-10-16'),
(2803, 2, '2020-11-10'),
(2804, 6, '2020-12-09'),
(2805, 10, '2020-12-12'),
(2806, 10, '2020-11-15'),
(2807, 5, '2020-10-30');

-- --------------------------------------------------------

--
-- Структура таблицы `orders_product`
--

CREATE TABLE `orders_product` (
  `id_order` int NOT NULL,
  `id_product` int NOT NULL,
  `count` int NOT NULL,
  `price` decimal(10,2) NOT NULL,
  `discount` decimal(10,2) DEFAULT NULL,
  `final_price` decimal(10,2) NOT NULL,
  `profit` decimal(10,2) NOT NULL,
  `cost_price` decimal(10,2) NOT NULL
) ENGINE=InnoDB DEFAULT CHARSET=utf8;

--
-- Дамп данных таблицы `orders_product`
--

INSERT INTO `orders_product` (`id_order`, `id_product`, `count`, `price`, `discount`, `final_price`, `profit`, `cost_price`) VALUES
(2008, 1831, 3, '1263.00', '84.00', '1179.00', '62.05', '1116.95'),
(2008, 1872, 3, '729.00', '43.00', '686.00', '36.11', '649.89'),
(2008, 1878, 2, '1383.00', '56.00', '1327.00', '132.70', '1194.30'),
(2008, 1892, 2, '780.00', '13.00', '767.00', '95.88', '671.13'),
(2009, 1806, 1, '973.00', '23.00', '950.00', '158.33', '791.67'),
(2009, 1821, 1, '1136.00', '28.00', '1108.00', '158.29', '949.71'),
(2009, 1822, 1, '1429.00', '71.00', '1358.00', '135.80', '1222.20'),
(2009, 1890, 1, '1011.00', '51.00', '960.00', '80.00', '880.00'),
(2009, 1904, 1, '878.00', '36.00', '842.00', '93.56', '748.44'),
(2010, 1835, 2, '1058.00', '88.00', '970.00', '138.57', '831.43'),
(2010, 1838, 3, '1393.00', '56.00', '1337.00', '83.56', '1253.44'),
(2010, 1883, 1, '732.00', '21.00', '711.00', '54.69', '656.31'),
(2010, 1892, 1, '780.00', '79.00', '701.00', '87.63', '613.38'),
(2010, 1897, 2, '1182.00', '64.00', '1118.00', '79.86', '1038.14'),
(2011, 1864, 1, '953.00', '73.00', '880.00', '73.33', '806.67'),
(2012, 1811, 3, '584.00', '65.00', '519.00', '28.83', '490.17'),
(2012, 1819, 1, '1312.00', '48.00', '1264.00', '84.27', '1179.73'),
(2012, 1841, 2, '549.00', '44.00', '505.00', '25.25', '479.75'),
(2012, 1851, 1, '823.00', '81.00', '742.00', '148.40', '593.60'),
(2012, 1905, 2, '1073.00', '98.00', '975.00', '75.00', '900.00'),
(2013, 1816, 1, '1251.00', '28.00', '1223.00', '67.94', '1155.06'),
(2013, 1836, 1, '1365.00', '28.00', '1337.00', '89.13', '1247.87'),
(2013, 1846, 1, '707.00', '75.00', '632.00', '126.40', '505.60'),
(2013, 1852, 3, '1089.00', '40.00', '1049.00', '116.56', '932.44'),
(2013, 1891, 1, '1226.00', '34.00', '1192.00', '66.22', '1125.78'),
(2014, 1808, 3, '504.00', '3.00', '501.00', '100.20', '400.80'),
(2014, 1840, 2, '1116.00', '36.00', '1080.00', '180.00', '900.00'),
(2014, 1893, 2, '1408.00', '48.00', '1360.00', '97.14', '1262.86'),
(2015, 1826, 1, '841.00', '25.00', '816.00', '62.77', '753.23'),
(2015, 1836, 1, '1365.00', '38.00', '1327.00', '189.57', '1137.43'),
(2015, 1892, 1, '780.00', '62.00', '718.00', '119.67', '598.33'),
(2015, 1897, 2, '1182.00', '45.00', '1137.00', '66.88', '1070.12'),
(2016, 1861, 3, '735.00', '23.00', '712.00', '50.86', '661.14'),
(2016, 1898, 3, '1320.00', '35.00', '1285.00', '142.78', '1142.22'),
(2017, 1838, 1, '1393.00', '77.00', '1316.00', '77.41', '1238.59'),
(2017, 1868, 1, '1319.00', '15.00', '1304.00', '100.31', '1203.69'),
(2017, 1874, 3, '966.00', '59.00', '907.00', '181.40', '725.60'),
(2018, 1808, 2, '504.00', '91.00', '413.00', '37.55', '375.45'),
(2018, 1812, 2, '1143.00', '24.00', '1119.00', '101.73', '1017.27'),
(2018, 1883, 3, '732.00', '56.00', '676.00', '42.25', '633.75'),
(2018, 1887, 2, '904.00', '34.00', '870.00', '124.29', '745.71'),
(2018, 1898, 2, '1320.00', '3.00', '1317.00', '164.63', '1152.38'),
(2019, 1842, 1, '932.00', '65.00', '867.00', '51.00', '816.00'),
(2019, 1847, 3, '1415.00', '84.00', '1331.00', '190.14', '1140.86'),
(2019, 1854, 3, '900.00', '79.00', '821.00', '68.42', '752.58'),
(2019, 1869, 1, '647.00', '7.00', '640.00', '58.18', '581.82'),
(2020, 1836, 1, '1365.00', '10.00', '1355.00', '150.56', '1204.44'),
(2020, 1868, 3, '1319.00', '78.00', '1241.00', '65.32', '1175.68'),
(2020, 1892, 2, '780.00', '13.00', '767.00', '40.37', '726.63'),
(2021, 1816, 1, '1251.00', '60.00', '1191.00', '148.88', '1042.13'),
(2021, 1886, 3, '1411.00', '86.00', '1325.00', '73.61', '1251.39'),
(2022, 1809, 1, '1076.00', '40.00', '1036.00', '94.18', '941.82'),
(2022, 1843, 1, '1315.00', '47.00', '1268.00', '74.59', '1193.41'),
(2022, 1878, 2, '1383.00', '12.00', '1371.00', '80.65', '1290.35'),
(2022, 1893, 3, '1408.00', '91.00', '1317.00', '82.31', '1234.69'),
(2023, 1878, 2, '1383.00', '82.00', '1301.00', '130.10', '1170.90'),
(2024, 1893, 2, '1408.00', '74.00', '1334.00', '83.38', '1250.63'),
(2025, 1806, 3, '973.00', '23.00', '950.00', '86.36', '863.64'),
(2025, 1812, 2, '1143.00', '42.00', '1101.00', '110.10', '990.90'),
(2025, 1814, 2, '1063.00', '83.00', '980.00', '89.09', '890.91'),
(2025, 1862, 1, '1185.00', '28.00', '1157.00', '105.18', '1051.82'),
(2025, 1867, 1, '1418.00', '97.00', '1321.00', '88.07', '1232.93'),
(2026, 1885, 1, '719.00', '67.00', '652.00', '108.67', '543.33'),
(2027, 1810, 3, '1185.00', '96.00', '1089.00', '90.75', '998.25'),
(2028, 1895, 2, '1213.00', '30.00', '1183.00', '197.17', '985.83'),
(2028, 1897, 1, '1182.00', '61.00', '1121.00', '112.10', '1008.90'),
(2029, 1821, 3, '1136.00', '2.00', '1134.00', '126.00', '1008.00'),
(2029, 1843, 2, '1315.00', '100.00', '1215.00', '173.57', '1041.43'),
(2029, 1872, 3, '729.00', '6.00', '723.00', '65.73', '657.27'),
(2029, 1889, 1, '1305.00', '85.00', '1220.00', '244.00', '976.00'),
(2029, 1890, 2, '1011.00', '32.00', '979.00', '122.38', '856.63'),
(2030, 1818, 1, '967.00', '55.00', '912.00', '60.80', '851.20'),
(2031, 1843, 3, '1315.00', '19.00', '1296.00', '162.00', '1134.00'),
(2032, 1808, 1, '504.00', '57.00', '447.00', '40.64', '406.36'),
(2032, 1810, 2, '1185.00', '38.00', '1147.00', '143.38', '1003.63'),
(2032, 1816, 2, '1251.00', '95.00', '1156.00', '82.57', '1073.43'),
(2032, 1832, 1, '1093.00', '77.00', '1016.00', '92.36', '923.64'),
(2033, 1826, 1, '841.00', '84.00', '757.00', '42.06', '714.94'),
(2034, 1835, 1, '1058.00', '94.00', '964.00', '120.50', '843.50'),
(2034, 1842, 3, '932.00', '89.00', '843.00', '60.21', '782.79'),
(2034, 1864, 3, '953.00', '95.00', '858.00', '66.00', '792.00'),
(2035, 1806, 2, '973.00', '33.00', '940.00', '117.50', '822.50'),
(2035, 1834, 2, '800.00', '100.00', '700.00', '35.00', '665.00'),
(2035, 1838, 2, '1393.00', '94.00', '1299.00', '81.19', '1217.81'),
(2036, 1836, 3, '1365.00', '76.00', '1289.00', '117.18', '1171.82'),
(2036, 1838, 2, '1393.00', '18.00', '1375.00', '137.50', '1237.50'),
(2036, 1871, 3, '1156.00', '42.00', '1114.00', '123.78', '990.22'),
(2037, 1870, 1, '815.00', '80.00', '735.00', '43.24', '691.76'),
(2037, 1881, 1, '1315.00', '68.00', '1247.00', '83.13', '1163.87'),
(2038, 1846, 2, '707.00', '37.00', '670.00', '67.00', '603.00'),
(2039, 1813, 3, '1283.00', '22.00', '1261.00', '140.11', '1120.89'),
(2039, 1827, 1, '1045.00', '32.00', '1013.00', '144.71', '868.29'),
(2039, 1848, 1, '917.00', '14.00', '903.00', '53.12', '849.88'),
(2039, 1875, 3, '983.00', '0.00', '983.00', '196.60', '786.40'),
(2040, 1816, 3, '1251.00', '78.00', '1173.00', '106.64', '1066.36'),
(2040, 1859, 2, '888.00', '97.00', '791.00', '71.91', '719.09'),
(2041, 1818, 3, '967.00', '25.00', '942.00', '67.29', '874.71'),
(2041, 1844, 3, '1464.00', '9.00', '1455.00', '207.86', '1247.14'),
(2041, 1905, 1, '1073.00', '76.00', '997.00', '110.78', '886.22'),
(2042, 1819, 2, '1312.00', '87.00', '1225.00', '64.47', '1160.53'),
(2042, 1838, 3, '1393.00', '52.00', '1341.00', '103.15', '1237.85'),
(2042, 1863, 1, '1218.00', '100.00', '1118.00', '65.76', '1052.24'),
(2042, 1873, 1, '1394.00', '50.00', '1344.00', '79.06', '1264.94'),
(2042, 1893, 2, '1408.00', '49.00', '1359.00', '194.14', '1164.86'),
(2043, 1834, 2, '800.00', '44.00', '756.00', '39.79', '716.21'),
(2043, 1874, 2, '966.00', '70.00', '896.00', '44.80', '851.20'),
(2043, 1881, 2, '1315.00', '49.00', '1266.00', '140.67', '1125.33'),
(2044, 1855, 2, '1244.00', '42.00', '1202.00', '100.17', '1101.83'),
(2044, 1870, 2, '815.00', '6.00', '809.00', '62.23', '746.77'),
(2044, 1872, 1, '729.00', '54.00', '675.00', '37.50', '637.50'),
(2045, 1818, 1, '967.00', '24.00', '943.00', '72.54', '870.46'),
(2045, 1873, 2, '1394.00', '69.00', '1325.00', '110.42', '1214.58'),
(2046, 1832, 2, '1093.00', '51.00', '1042.00', '86.83', '955.17'),
(2046, 1857, 2, '1246.00', '6.00', '1240.00', '82.67', '1157.33'),
(2046, 1899, 3, '888.00', '61.00', '827.00', '45.94', '781.06'),
(2047, 1829, 3, '1385.00', '83.00', '1302.00', '76.59', '1225.41'),
(2047, 1902, 2, '1220.00', '0.00', '1220.00', '152.50', '1067.50'),
(2048, 1837, 1, '1188.00', '0.00', '1188.00', '91.38', '1096.62'),
(2048, 1856, 1, '1248.00', '20.00', '1228.00', '153.50', '1074.50'),
(2048, 1891, 1, '1226.00', '40.00', '1186.00', '197.67', '988.33'),
(2048, 1905, 1, '1073.00', '66.00', '1007.00', '201.40', '805.60'),
(2049, 1818, 3, '967.00', '49.00', '918.00', '102.00', '816.00'),
(2049, 1820, 1, '812.00', '10.00', '802.00', '114.57', '687.43'),
(2049, 1823, 1, '688.00', '36.00', '652.00', '34.32', '617.68'),
(2049, 1829, 2, '1385.00', '12.00', '1373.00', '152.56', '1220.44'),
(2049, 1884, 3, '937.00', '24.00', '913.00', '65.21', '847.79'),
(2050, 1846, 3, '707.00', '72.00', '635.00', '57.73', '577.27'),
(2050, 1855, 2, '1244.00', '97.00', '1147.00', '81.93', '1065.07'),
(2051, 1825, 3, '1023.00', '88.00', '935.00', '77.92', '857.08'),
(2052, 1823, 1, '688.00', '67.00', '621.00', '34.50', '586.50'),
(2052, 1848, 1, '917.00', '47.00', '870.00', '108.75', '761.25'),
(2052, 1861, 2, '735.00', '68.00', '667.00', '37.06', '629.94'),
(2052, 1871, 2, '1156.00', '77.00', '1079.00', '154.14', '924.86'),
(2053, 1879, 2, '904.00', '1.00', '903.00', '129.00', '774.00'),
(2053, 1900, 2, '563.00', '68.00', '495.00', '30.94', '464.06'),
(2054, 1891, 1, '1226.00', '18.00', '1208.00', '60.40', '1147.60'),
(2055, 1827, 2, '1045.00', '80.00', '965.00', '80.42', '884.58'),
(2055, 1836, 2, '1365.00', '76.00', '1289.00', '75.82', '1213.18'),
(2055, 1882, 2, '966.00', '5.00', '961.00', '60.06', '900.94'),
(2055, 1890, 3, '1011.00', '77.00', '934.00', '93.40', '840.60'),
(2056, 1809, 2, '1076.00', '24.00', '1052.00', '87.67', '964.33'),
(2056, 1821, 2, '1136.00', '25.00', '1111.00', '111.10', '999.90'),
(2056, 1832, 3, '1093.00', '31.00', '1062.00', '96.55', '965.45'),
(2056, 1855, 2, '1244.00', '22.00', '1222.00', '87.29', '1134.71'),
(2056, 1870, 3, '815.00', '86.00', '729.00', '145.80', '583.20'),
(2057, 1853, 2, '1436.00', '8.00', '1428.00', '129.82', '1298.18'),
(2058, 1878, 1, '1383.00', '17.00', '1366.00', '273.20', '1092.80'),
(2059, 1812, 1, '1143.00', '4.00', '1139.00', '103.55', '1035.45'),
(2060, 1889, 2, '1305.00', '6.00', '1299.00', '76.41', '1222.59'),
(2061, 1841, 1, '549.00', '92.00', '457.00', '50.78', '406.22'),
(2061, 1842, 3, '932.00', '99.00', '833.00', '55.53', '777.47'),
(2062, 1819, 3, '1312.00', '20.00', '1292.00', '117.45', '1174.55'),
(2062, 1826, 2, '841.00', '18.00', '823.00', '102.88', '720.13'),
(2062, 1872, 2, '729.00', '36.00', '693.00', '69.30', '623.70'),
(2062, 1887, 3, '904.00', '32.00', '872.00', '51.29', '820.71'),
(2063, 1826, 3, '841.00', '89.00', '752.00', '41.78', '710.22'),
(2064, 1832, 3, '1093.00', '17.00', '1076.00', '67.25', '1008.75'),
(2064, 1834, 2, '800.00', '47.00', '753.00', '62.75', '690.25'),
(2064, 1854, 1, '900.00', '94.00', '806.00', '42.42', '763.58'),
(2064, 1868, 2, '1319.00', '46.00', '1273.00', '127.30', '1145.70'),
(2064, 1895, 3, '1213.00', '89.00', '1124.00', '86.46', '1037.54'),
(2065, 1876, 1, '1484.00', '22.00', '1462.00', '182.75', '1279.25'),
(2066, 1837, 1, '1188.00', '0.00', '1188.00', '169.71', '1018.29'),
(2067, 1858, 1, '744.00', '46.00', '698.00', '53.69', '644.31'),
(2068, 1828, 3, '1117.00', '39.00', '1078.00', '89.83', '988.17'),
(2068, 1868, 3, '1319.00', '70.00', '1249.00', '65.74', '1183.26'),
(2068, 1882, 1, '966.00', '59.00', '907.00', '113.38', '793.63'),
(2068, 1885, 2, '719.00', '36.00', '683.00', '68.30', '614.70'),
(2068, 1893, 1, '1408.00', '62.00', '1346.00', '168.25', '1177.75'),
(2069, 1905, 1, '1073.00', '74.00', '999.00', '71.36', '927.64'),
(2070, 1813, 2, '1283.00', '13.00', '1270.00', '211.67', '1058.33'),
(2070, 1827, 1, '1045.00', '71.00', '974.00', '121.75', '852.25'),
(2070, 1842, 3, '932.00', '14.00', '918.00', '76.50', '841.50'),
(2070, 1855, 2, '1244.00', '51.00', '1193.00', '74.56', '1118.44'),
(2071, 1811, 1, '584.00', '17.00', '567.00', '37.80', '529.20'),
(2071, 1817, 2, '1362.00', '69.00', '1293.00', '92.36', '1200.64'),
(2071, 1834, 2, '800.00', '16.00', '784.00', '41.26', '742.74'),
(2071, 1863, 2, '1218.00', '59.00', '1159.00', '57.95', '1101.05'),
(2071, 1873, 3, '1394.00', '35.00', '1359.00', '104.54', '1254.46'),
(2072, 1839, 2, '1223.00', '25.00', '1198.00', '133.11', '1064.89'),
(2072, 1892, 3, '780.00', '84.00', '696.00', '77.33', '618.67'),
(2073, 1857, 2, '1246.00', '68.00', '1178.00', '235.60', '942.40'),
(2074, 1848, 3, '917.00', '62.00', '855.00', '50.29', '804.71'),
(2075, 1831, 3, '1263.00', '88.00', '1175.00', '73.44', '1101.56'),
(2076, 1814, 2, '1063.00', '17.00', '1046.00', '58.11', '987.89'),
(2076, 1820, 1, '812.00', '51.00', '761.00', '108.71', '652.29'),
(2076, 1822, 1, '1429.00', '33.00', '1396.00', '155.11', '1240.89'),
(2076, 1844, 2, '1464.00', '59.00', '1405.00', '140.50', '1264.50'),
(2076, 1891, 2, '1226.00', '93.00', '1133.00', '141.63', '991.38'),
(2077, 1808, 1, '504.00', '88.00', '416.00', '32.00', '384.00'),
(2077, 1867, 3, '1418.00', '91.00', '1327.00', '265.40', '1061.60'),
(2077, 1887, 3, '904.00', '93.00', '811.00', '54.07', '756.93'),
(2077, 1898, 2, '1320.00', '26.00', '1294.00', '64.70', '1229.30'),
(2078, 1818, 3, '967.00', '22.00', '945.00', '59.06', '885.94'),
(2078, 1832, 1, '1093.00', '80.00', '1013.00', '144.71', '868.29'),
(2078, 1849, 2, '1233.00', '82.00', '1151.00', '164.43', '986.57'),
(2078, 1861, 2, '735.00', '35.00', '700.00', '38.89', '661.11'),
(2079, 1808, 3, '504.00', '45.00', '459.00', '25.50', '433.50'),
(2079, 1816, 1, '1251.00', '19.00', '1232.00', '136.89', '1095.11'),
(2079, 1856, 1, '1248.00', '69.00', '1179.00', '235.80', '943.20'),
(2080, 1888, 2, '1080.00', '82.00', '998.00', '110.89', '887.11'),
(2081, 1864, 2, '953.00', '28.00', '925.00', '54.41', '870.59'),
(2082, 1816, 3, '1251.00', '7.00', '1244.00', '248.80', '995.20'),
(2082, 1889, 1, '1305.00', '24.00', '1281.00', '106.75', '1174.25'),
(2083, 1810, 1, '1185.00', '55.00', '1130.00', '56.50', '1073.50'),
(2083, 1816, 2, '1251.00', '50.00', '1201.00', '120.10', '1080.90'),
(2083, 1857, 3, '1246.00', '37.00', '1209.00', '241.80', '967.20'),
(2084, 1816, 2, '1251.00', '30.00', '1221.00', '244.20', '976.80'),
(2084, 1821, 1, '1136.00', '46.00', '1090.00', '99.09', '990.91'),
(2084, 1828, 3, '1117.00', '79.00', '1038.00', '54.63', '983.37'),
(2085, 1807, 3, '1214.00', '93.00', '1121.00', '80.07', '1040.93'),
(2085, 1834, 2, '800.00', '46.00', '754.00', '62.83', '691.17'),
(2085, 1844, 1, '1464.00', '51.00', '1413.00', '282.60', '1130.40'),
(2085, 1895, 3, '1213.00', '74.00', '1139.00', '126.56', '1012.44'),
(2085, 1900, 1, '563.00', '90.00', '473.00', '23.65', '449.35'),
(2086, 1824, 3, '1268.00', '96.00', '1172.00', '97.67', '1074.33'),
(2086, 1846, 2, '707.00', '61.00', '646.00', '38.00', '608.00'),
(2086, 1858, 2, '744.00', '3.00', '741.00', '82.33', '658.67'),
(2086, 1875, 2, '983.00', '18.00', '965.00', '193.00', '772.00'),
(2087, 1858, 1, '744.00', '97.00', '647.00', '46.21', '600.79'),
(2088, 1839, 1, '1223.00', '0.00', '1223.00', '111.18', '1111.82'),
(2089, 1823, 1, '688.00', '98.00', '590.00', '98.33', '491.67'),
(2090, 1816, 1, '1251.00', '92.00', '1159.00', '144.88', '1014.13'),
(2090, 1836, 3, '1365.00', '13.00', '1352.00', '104.00', '1248.00'),
(2090, 1854, 1, '900.00', '72.00', '828.00', '118.29', '709.71'),
(2090, 1860, 1, '785.00', '43.00', '742.00', '43.65', '698.35'),
(2090, 1877, 3, '1046.00', '2.00', '1044.00', '58.00', '986.00'),
(2091, 1839, 3, '1223.00', '4.00', '1219.00', '67.72', '1151.28'),
(2091, 1861, 1, '735.00', '33.00', '702.00', '54.00', '648.00'),
(2092, 1844, 2, '1464.00', '86.00', '1378.00', '137.80', '1240.20'),
(2092, 1883, 1, '732.00', '73.00', '659.00', '43.93', '615.07'),
(2092, 1892, 3, '780.00', '86.00', '694.00', '77.11', '616.89'),
(2093, 1840, 2, '1116.00', '39.00', '1077.00', '134.63', '942.38'),
(2093, 1862, 1, '1185.00', '56.00', '1129.00', '86.85', '1042.15'),
(2093, 1868, 1, '1319.00', '10.00', '1309.00', '100.69', '1208.31'),
(2093, 1879, 1, '904.00', '21.00', '883.00', '88.30', '794.70'),
(2094, 1867, 2, '1418.00', '97.00', '1321.00', '101.62', '1219.38'),
(2094, 1883, 1, '732.00', '76.00', '656.00', '54.67', '601.33'),
(2095, 1847, 1, '1415.00', '47.00', '1368.00', '114.00', '1254.00'),
(2095, 1880, 3, '1096.00', '36.00', '1060.00', '55.79', '1004.21'),
(2096, 1818, 2, '967.00', '49.00', '918.00', '65.57', '852.43'),
(2096, 1871, 3, '1156.00', '42.00', '1114.00', '123.78', '990.22'),
(2097, 1810, 3, '1185.00', '55.00', '1130.00', '75.33', '1054.67'),
(2097, 1884, 3, '937.00', '12.00', '925.00', '71.15', '853.85'),
(2098, 1810, 1, '1185.00', '64.00', '1121.00', '186.83', '934.17'),
(2098, 1847, 1, '1415.00', '72.00', '1343.00', '149.22', '1193.78'),
(2098, 1868, 1, '1319.00', '35.00', '1284.00', '160.50', '1123.50'),
(2099, 1835, 2, '1058.00', '31.00', '1027.00', '114.11', '912.89'),
(2099, 1842, 3, '932.00', '19.00', '913.00', '130.43', '782.57'),
(2100, 1820, 1, '812.00', '50.00', '762.00', '38.10', '723.90'),
(2100, 1845, 3, '928.00', '14.00', '914.00', '70.31', '843.69'),
(2100, 1876, 3, '1484.00', '89.00', '1395.00', '126.82', '1268.18'),
(2100, 1878, 3, '1383.00', '18.00', '1365.00', '71.84', '1293.16'),
(2100, 1894, 2, '1360.00', '87.00', '1273.00', '115.73', '1157.27'),
(2101, 1829, 3, '1385.00', '46.00', '1339.00', '111.58', '1227.42'),
(2101, 1845, 3, '928.00', '45.00', '883.00', '46.47', '836.53'),
(2101, 1899, 1, '888.00', '0.00', '888.00', '80.73', '807.27'),
(2102, 1806, 1, '973.00', '59.00', '914.00', '70.31', '843.69'),
(2102, 1864, 1, '953.00', '69.00', '884.00', '44.20', '839.80'),
(2102, 1875, 1, '983.00', '35.00', '948.00', '86.18', '861.82'),
(2102, 1880, 3, '1096.00', '16.00', '1080.00', '54.00', '1026.00'),
(2102, 1883, 1, '732.00', '73.00', '659.00', '50.69', '608.31'),
(2103, 1894, 1, '1360.00', '20.00', '1340.00', '83.75', '1256.25'),
(2104, 1817, 3, '1362.00', '80.00', '1282.00', '91.57', '1190.43'),
(2104, 1831, 2, '1263.00', '33.00', '1230.00', '136.67', '1093.33'),
(2104, 1864, 2, '953.00', '17.00', '936.00', '72.00', '864.00'),
(2104, 1873, 1, '1394.00', '2.00', '1392.00', '81.88', '1310.12'),
(2105, 1854, 1, '900.00', '99.00', '801.00', '53.40', '747.60'),
(2105, 1887, 2, '904.00', '46.00', '858.00', '143.00', '715.00'),
(2105, 1891, 2, '1226.00', '5.00', '1221.00', '76.31', '1144.69'),
(2105, 1893, 2, '1408.00', '72.00', '1336.00', '133.60', '1202.40'),
(2106, 1816, 1, '1251.00', '41.00', '1210.00', '80.67', '1129.33'),
(2106, 1838, 1, '1393.00', '96.00', '1297.00', '81.06', '1215.94'),
(2106, 1869, 3, '647.00', '84.00', '563.00', '51.18', '511.82'),
(2106, 1904, 3, '878.00', '22.00', '856.00', '77.82', '778.18'),
(2107, 1844, 1, '1464.00', '100.00', '1364.00', '113.67', '1250.33'),
(2107, 1849, 2, '1233.00', '35.00', '1198.00', '66.56', '1131.44'),
(2107, 1868, 1, '1319.00', '86.00', '1233.00', '102.75', '1130.25'),
(2108, 1849, 2, '1233.00', '67.00', '1166.00', '116.60', '1049.40'),
(2108, 1862, 1, '1185.00', '15.00', '1170.00', '83.57', '1086.43'),
(2108, 1879, 1, '904.00', '19.00', '885.00', '73.75', '811.25'),
(2108, 1881, 3, '1315.00', '50.00', '1265.00', '140.56', '1124.44'),
(2108, 1905, 1, '1073.00', '59.00', '1014.00', '112.67', '901.33'),
(2109, 1815, 3, '1182.00', '92.00', '1090.00', '60.56', '1029.44'),
(2109, 1826, 2, '841.00', '64.00', '777.00', '48.56', '728.44'),
(2109, 1847, 2, '1415.00', '58.00', '1357.00', '226.17', '1130.83'),
(2109, 1877, 1, '1046.00', '90.00', '956.00', '63.73', '892.27'),
(2110, 1808, 3, '504.00', '92.00', '412.00', '25.75', '386.25'),
(2110, 1821, 1, '1136.00', '45.00', '1091.00', '109.10', '981.90'),
(2110, 1843, 1, '1315.00', '68.00', '1247.00', '77.94', '1169.06'),
(2110, 1859, 2, '888.00', '91.00', '797.00', '88.56', '708.44'),
(2110, 1906, 2, '987.00', '33.00', '954.00', '159.00', '795.00'),
(2111, 1923, 3, '1181.00', '49.00', '1132.00', '59.58', '1072.42'),
(2112, 1863, 3, '1218.00', '22.00', '1196.00', '108.73', '1087.27'),
(2112, 1879, 3, '904.00', '33.00', '871.00', '43.55', '827.45'),
(2113, 1833, 2, '761.00', '24.00', '737.00', '61.42', '675.58'),
(2113, 1852, 2, '1089.00', '1.00', '1088.00', '108.80', '979.20'),
(2113, 1874, 1, '966.00', '74.00', '892.00', '46.95', '845.05'),
(2113, 1885, 3, '719.00', '31.00', '688.00', '76.44', '611.56'),
(2113, 1921, 1, '1217.00', '55.00', '1162.00', '83.00', '1079.00'),
(2114, 1825, 2, '1023.00', '2.00', '1021.00', '170.17', '850.83'),
(2114, 1876, 2, '1484.00', '68.00', '1416.00', '202.29', '1213.71'),
(2114, 1924, 2, '949.00', '63.00', '886.00', '49.22', '836.78'),
(2115, 1870, 3, '815.00', '12.00', '803.00', '50.19', '752.81'),
(2116, 1813, 3, '1283.00', '20.00', '1263.00', '114.82', '1148.18'),
(2116, 1844, 3, '1464.00', '19.00', '1445.00', '289.00', '1156.00'),
(2116, 1860, 3, '785.00', '63.00', '722.00', '90.25', '631.75'),
(2117, 1816, 2, '1251.00', '34.00', '1217.00', '152.13', '1064.88'),
(2117, 1833, 3, '761.00', '80.00', '681.00', '42.56', '638.44'),
(2117, 1843, 2, '1315.00', '9.00', '1306.00', '217.67', '1088.33'),
(2117, 1941, 2, '1062.00', '22.00', '1040.00', '74.29', '965.71'),
(2118, 1858, 1, '744.00', '56.00', '688.00', '137.60', '550.40'),
(2118, 1938, 3, '1445.00', '84.00', '1361.00', '170.13', '1190.88'),
(2119, 1841, 2, '549.00', '94.00', '455.00', '37.92', '417.08'),
(2119, 1865, 2, '1082.00', '19.00', '1063.00', '177.17', '885.83'),
(2119, 1909, 1, '1418.00', '13.00', '1405.00', '175.63', '1229.38'),
(2120, 1922, 2, '786.00', '16.00', '770.00', '42.78', '727.22'),
(2121, 1854, 1, '900.00', '8.00', '892.00', '44.60', '847.40'),
(2121, 1924, 2, '949.00', '97.00', '852.00', '85.20', '766.80'),
(2121, 1943, 2, '1421.00', '72.00', '1349.00', '122.64', '1226.36'),
(2121, 1956, 3, '1359.00', '93.00', '1266.00', '253.20', '1012.80'),
(2122, 1896, 1, '1249.00', '85.00', '1164.00', '232.80', '931.20'),
(2123, 1865, 2, '1082.00', '82.00', '1000.00', '58.82', '941.18'),
(2124, 1825, 2, '1023.00', '44.00', '979.00', '57.59', '921.41'),
(2124, 1838, 3, '1393.00', '49.00', '1344.00', '67.20', '1276.80'),
(2124, 1891, 2, '1226.00', '30.00', '1196.00', '132.89', '1063.11'),
(2124, 1921, 1, '1217.00', '79.00', '1138.00', '87.54', '1050.46'),
(2125, 1817, 1, '1362.00', '11.00', '1351.00', '84.44', '1266.56'),
(2125, 1826, 2, '841.00', '72.00', '769.00', '48.06', '720.94'),
(2125, 1879, 3, '904.00', '72.00', '832.00', '118.86', '713.14'),
(2125, 1972, 3, '510.00', '1.00', '509.00', '26.79', '482.21'),
(2126, 1806, 1, '973.00', '55.00', '918.00', '45.90', '872.10'),
(2126, 1883, 3, '732.00', '72.00', '660.00', '47.14', '612.86'),
(2126, 1974, 3, '930.00', '41.00', '889.00', '46.79', '842.21'),
(2127, 1877, 3, '1046.00', '65.00', '981.00', '54.50', '926.50'),
(2127, 1895, 3, '1213.00', '59.00', '1154.00', '230.80', '923.20'),
(2127, 1927, 1, '1242.00', '40.00', '1202.00', '80.13', '1121.87'),
(2127, 1947, 2, '885.00', '36.00', '849.00', '65.31', '783.69'),
(2128, 1882, 2, '966.00', '46.00', '920.00', '65.71', '854.29'),
(2128, 1930, 1, '608.00', '68.00', '540.00', '77.14', '462.86'),
(2129, 1834, 3, '800.00', '11.00', '789.00', '131.50', '657.50'),
(2130, 1835, 3, '1058.00', '54.00', '1004.00', '83.67', '920.33'),
(2130, 1886, 1, '1411.00', '51.00', '1360.00', '104.62', '1255.38'),
(2130, 1981, 3, '698.00', '0.00', '698.00', '87.25', '610.75'),
(2131, 1822, 3, '1429.00', '77.00', '1352.00', '104.00', '1248.00'),
(2131, 1840, 1, '1116.00', '11.00', '1105.00', '58.16', '1046.84'),
(2131, 1863, 1, '1218.00', '36.00', '1182.00', '84.43', '1097.57'),
(2131, 1967, 1, '981.00', '86.00', '895.00', '74.58', '820.42'),
(2132, 1828, 1, '1117.00', '22.00', '1095.00', '60.83', '1034.17'),
(2132, 1831, 2, '1263.00', '42.00', '1221.00', '76.31', '1144.69'),
(2132, 1892, 1, '780.00', '42.00', '738.00', '36.90', '701.10'),
(2132, 1922, 1, '786.00', '26.00', '760.00', '76.00', '684.00'),
(2132, 1992, 3, '1303.00', '10.00', '1293.00', '107.75', '1185.25'),
(2133, 1822, 1, '1429.00', '0.00', '1429.00', '158.78', '1270.22'),
(2133, 1886, 3, '1411.00', '50.00', '1361.00', '123.73', '1237.27'),
(2133, 1931, 3, '620.00', '62.00', '558.00', '31.00', '527.00'),
(2134, 1853, 1, '1436.00', '16.00', '1420.00', '142.00', '1278.00'),
(2134, 1908, 2, '1311.00', '89.00', '1222.00', '244.40', '977.60'),
(2134, 1994, 3, '1367.00', '91.00', '1276.00', '116.00', '1160.00'),
(2135, 1806, 2, '973.00', '83.00', '890.00', '44.50', '845.50'),
(2135, 1811, 2, '584.00', '11.00', '573.00', '31.83', '541.17'),
(2135, 1879, 1, '904.00', '71.00', '833.00', '41.65', '791.35'),
(2135, 1925, 3, '873.00', '50.00', '823.00', '68.58', '754.42'),
(2136, 1807, 3, '1214.00', '9.00', '1205.00', '200.83', '1004.17'),
(2137, 1832, 2, '1093.00', '65.00', '1028.00', '171.33', '856.67'),
(2137, 1859, 1, '888.00', '60.00', '828.00', '63.69', '764.31'),
(2137, 1879, 1, '904.00', '25.00', '879.00', '67.62', '811.38'),
(2137, 1897, 1, '1182.00', '4.00', '1178.00', '107.09', '1070.91'),
(2137, 1988, 1, '507.00', '31.00', '476.00', '47.60', '428.40'),
(2138, 1973, 2, '869.00', '27.00', '842.00', '105.25', '736.75'),
(2139, 1987, 2, '877.00', '72.00', '805.00', '53.67', '751.33'),
(2140, 1831, 3, '1263.00', '57.00', '1206.00', '134.00', '1072.00'),
(2141, 1838, 3, '1393.00', '63.00', '1330.00', '88.67', '1241.33'),
(2141, 1854, 3, '900.00', '57.00', '843.00', '70.25', '772.75'),
(2141, 1935, 1, '1467.00', '74.00', '1393.00', '73.32', '1319.68'),
(2141, 1972, 3, '510.00', '37.00', '473.00', '23.65', '449.35'),
(2142, 1859, 2, '888.00', '12.00', '876.00', '175.20', '700.80'),
(2142, 1983, 3, '764.00', '62.00', '702.00', '117.00', '585.00'),
(2142, 1997, 1, '1218.00', '15.00', '1203.00', '85.93', '1117.07'),
(2143, 1812, 1, '1143.00', '6.00', '1137.00', '189.50', '947.50'),
(2143, 1893, 3, '1408.00', '99.00', '1309.00', '65.45', '1243.55'),
(2144, 1833, 3, '761.00', '61.00', '700.00', '58.33', '641.67'),
(2144, 1899, 1, '888.00', '36.00', '852.00', '106.50', '745.50'),
(2144, 1942, 1, '1311.00', '25.00', '1286.00', '107.17', '1178.83'),
(2144, 1958, 2, '784.00', '60.00', '724.00', '36.20', '687.80'),
(2144, 1998, 3, '710.00', '7.00', '703.00', '37.00', '666.00'),
(2145, 1853, 2, '1436.00', '15.00', '1421.00', '101.50', '1319.50'),
(2145, 1878, 1, '1383.00', '92.00', '1291.00', '184.43', '1106.57'),
(2145, 1926, 3, '799.00', '57.00', '742.00', '49.47', '692.53'),
(2145, 1955, 2, '779.00', '39.00', '740.00', '148.00', '592.00'),
(2146, 1873, 2, '1394.00', '72.00', '1322.00', '82.63', '1239.38'),
(2146, 1879, 3, '904.00', '71.00', '833.00', '104.13', '728.88'),
(2146, 1906, 2, '987.00', '37.00', '950.00', '118.75', '831.25'),
(2146, 1909, 2, '1418.00', '31.00', '1387.00', '92.47', '1294.53'),
(2146, 1949, 3, '1284.00', '37.00', '1247.00', '69.28', '1177.72'),
(2147, 1810, 3, '1185.00', '16.00', '1169.00', '116.90', '1052.10'),
(2147, 1924, 3, '949.00', '35.00', '914.00', '48.11', '865.89'),
(2148, 1911, 1, '859.00', '96.00', '763.00', '127.17', '635.83'),
(2148, 1917, 2, '650.00', '97.00', '553.00', '69.13', '483.88'),
(2148, 1935, 3, '1467.00', '47.00', '1420.00', '88.75', '1331.25'),
(2148, 1939, 3, '994.00', '89.00', '905.00', '53.24', '851.76'),
(2148, 1942, 3, '1311.00', '100.00', '1211.00', '100.92', '1110.08'),
(2149, 1927, 1, '1242.00', '43.00', '1199.00', '239.80', '959.20'),
(2150, 1865, 3, '1082.00', '100.00', '982.00', '109.11', '872.89'),
(2150, 1876, 1, '1484.00', '51.00', '1433.00', '159.22', '1273.78'),
(2150, 1973, 1, '869.00', '40.00', '829.00', '75.36', '753.64'),
(2151, 1806, 1, '973.00', '53.00', '920.00', '70.77', '849.23'),
(2152, 1826, 3, '841.00', '3.00', '838.00', '41.90', '796.10'),
(2152, 1886, 1, '1411.00', '20.00', '1391.00', '115.92', '1275.08'),
(2152, 1944, 2, '778.00', '84.00', '694.00', '34.70', '659.30'),
(2153, 1853, 2, '1436.00', '47.00', '1389.00', '106.85', '1282.15'),
(2154, 1830, 2, '672.00', '7.00', '665.00', '47.50', '617.50'),
(2154, 1839, 3, '1223.00', '28.00', '1195.00', '66.39', '1128.61'),
(2154, 1894, 1, '1360.00', '60.00', '1300.00', '260.00', '1040.00'),
(2154, 1953, 3, '575.00', '38.00', '537.00', '41.31', '495.69'),
(2154, 1995, 3, '585.00', '23.00', '562.00', '33.06', '528.94'),
(2155, 1910, 1, '951.00', '29.00', '922.00', '48.53', '873.47'),
(2156, 1853, 2, '1436.00', '4.00', '1432.00', '79.56', '1352.44'),
(2156, 1948, 2, '871.00', '30.00', '841.00', '44.26', '796.74'),
(2157, 1862, 1, '1185.00', '53.00', '1132.00', '141.50', '990.50'),
(2157, 1905, 2, '1073.00', '14.00', '1059.00', '62.29', '996.71'),
(2157, 1953, 2, '575.00', '100.00', '475.00', '39.58', '435.42'),
(2157, 1997, 1, '1218.00', '97.00', '1121.00', '74.73', '1046.27'),
(2158, 1880, 3, '1096.00', '30.00', '1066.00', '152.29', '913.71'),
(2158, 1957, 2, '1279.00', '42.00', '1237.00', '123.70', '1113.30'),
(2158, 1958, 2, '784.00', '76.00', '708.00', '44.25', '663.75'),
(2158, 1999, 1, '1493.00', '11.00', '1482.00', '92.63', '1389.38'),
(2159, 1887, 1, '904.00', '56.00', '848.00', '65.23', '782.77'),
(2159, 1970, 3, '1216.00', '14.00', '1202.00', '171.71', '1030.29'),
(2159, 1982, 1, '815.00', '7.00', '808.00', '101.00', '707.00'),
(2160, 1823, 1, '688.00', '56.00', '632.00', '39.50', '592.50'),
(2160, 1911, 3, '859.00', '40.00', '819.00', '58.50', '760.50'),
(2160, 1922, 2, '786.00', '70.00', '716.00', '102.29', '613.71'),
(2160, 1936, 1, '1170.00', '71.00', '1099.00', '57.84', '1041.16'),
(2161, 1899, 1, '888.00', '70.00', '818.00', '40.90', '777.10'),
(2161, 1971, 1, '650.00', '59.00', '591.00', '39.40', '551.60'),
(2161, 1979, 2, '1483.00', '13.00', '1470.00', '210.00', '1260.00'),
(2161, 1986, 2, '1437.00', '91.00', '1346.00', '67.30', '1278.70'),
(2161, 2003, 1, '1079.00', '76.00', '1003.00', '52.79', '950.21'),
(2162, 1871, 2, '1156.00', '12.00', '1144.00', '81.71', '1062.29'),
(2163, 1931, 1, '620.00', '8.00', '612.00', '55.64', '556.36'),
(2164, 1832, 1, '1093.00', '55.00', '1038.00', '74.14', '963.86'),
(2164, 1865, 2, '1082.00', '40.00', '1042.00', '80.15', '961.85'),
(2164, 1901, 1, '1256.00', '82.00', '1174.00', '146.75', '1027.25'),
(2164, 1993, 3, '1390.00', '63.00', '1327.00', '82.94', '1244.06'),
(2165, 1932, 3, '885.00', '40.00', '845.00', '140.83', '704.17'),
(2166, 1829, 1, '1385.00', '19.00', '1366.00', '68.30', '1297.70'),
(2166, 1879, 1, '904.00', '60.00', '844.00', '64.92', '779.08'),
(2167, 1842, 3, '932.00', '66.00', '866.00', '173.20', '692.80'),
(2167, 1849, 2, '1233.00', '48.00', '1185.00', '79.00', '1106.00'),
(2167, 1873, 3, '1394.00', '95.00', '1299.00', '185.57', '1113.43'),
(2167, 1927, 2, '1242.00', '3.00', '1239.00', '88.50', '1150.50'),
(2167, 2002, 1, '938.00', '43.00', '895.00', '52.65', '842.35'),
(2168, 1854, 1, '900.00', '89.00', '811.00', '40.55', '770.45'),
(2168, 1876, 3, '1484.00', '35.00', '1449.00', '103.50', '1345.50'),
(2168, 1877, 2, '1046.00', '41.00', '1005.00', '167.50', '837.50'),
(2168, 1922, 3, '786.00', '99.00', '687.00', '36.16', '650.84'),
(2169, 1967, 3, '981.00', '53.00', '928.00', '46.40', '881.60'),
(2170, 1907, 2, '1119.00', '71.00', '1048.00', '55.16', '992.84'),
(2170, 1909, 1, '1418.00', '6.00', '1412.00', '176.50', '1235.50'),
(2171, 1878, 1, '1383.00', '48.00', '1335.00', '166.88', '1168.13'),
(2171, 1901, 1, '1256.00', '80.00', '1176.00', '58.80', '1117.20'),
(2171, 1941, 3, '1062.00', '35.00', '1027.00', '54.05', '972.95'),
(2171, 1987, 2, '877.00', '88.00', '789.00', '49.31', '739.69'),
(2171, 2003, 3, '1079.00', '15.00', '1064.00', '62.59', '1001.41'),
(2172, 1845, 2, '928.00', '5.00', '923.00', '54.29', '868.71'),
(2172, 1865, 1, '1082.00', '7.00', '1075.00', '76.79', '998.21'),
(2172, 1969, 2, '1308.00', '45.00', '1263.00', '70.17', '1192.83'),
(2172, 1970, 2, '1216.00', '31.00', '1185.00', '69.71', '1115.29'),
(2173, 1861, 1, '735.00', '85.00', '650.00', '34.21', '615.79'),
(2173, 1907, 3, '1119.00', '100.00', '1019.00', '59.94', '959.06'),
(2173, 2000, 3, '727.00', '23.00', '704.00', '140.80', '563.20'),
(2174, 1869, 3, '647.00', '92.00', '555.00', '92.50', '462.50'),
(2174, 1880, 2, '1096.00', '88.00', '1008.00', '50.40', '957.60'),
(2174, 1883, 2, '732.00', '87.00', '645.00', '32.25', '612.75'),
(2174, 1911, 1, '859.00', '85.00', '774.00', '45.53', '728.47'),
(2175, 1900, 3, '563.00', '84.00', '479.00', '95.80', '383.20'),
(2175, 1910, 3, '951.00', '21.00', '930.00', '46.50', '883.50'),
(2175, 1915, 2, '1234.00', '22.00', '1212.00', '121.20', '1090.80'),
(2175, 1977, 1, '1349.00', '18.00', '1331.00', '88.73', '1242.27'),
(2176, 1824, 3, '1268.00', '73.00', '1195.00', '59.75', '1135.25'),
(2176, 1837, 3, '1188.00', '4.00', '1184.00', '59.20', '1124.80'),
(2176, 1853, 1, '1436.00', '5.00', '1431.00', '143.10', '1287.90'),
(2176, 1925, 3, '873.00', '56.00', '817.00', '81.70', '735.30'),
(2176, 1948, 1, '871.00', '18.00', '853.00', '60.93', '792.07'),
(2177, 1871, 2, '1156.00', '9.00', '1147.00', '60.37', '1086.63'),
(2177, 1873, 2, '1394.00', '84.00', '1310.00', '93.57', '1216.43'),
(2178, 1900, 1, '563.00', '79.00', '484.00', '34.57', '449.43'),
(2178, 1947, 3, '885.00', '32.00', '853.00', '60.93', '792.07'),
(2179, 1900, 2, '563.00', '27.00', '536.00', '44.67', '491.33'),
(2180, 1828, 3, '1117.00', '81.00', '1036.00', '54.53', '981.47'),
(2180, 1884, 2, '937.00', '98.00', '839.00', '119.86', '719.14'),
(2181, 1828, 3, '1117.00', '65.00', '1052.00', '87.67', '964.33'),
(2181, 1851, 3, '823.00', '92.00', '731.00', '48.73', '682.27'),
(2181, 1866, 1, '1204.00', '15.00', '1189.00', '99.08', '1089.92'),
(2181, 1937, 3, '992.00', '78.00', '914.00', '57.13', '856.88'),
(2181, 1961, 3, '1083.00', '71.00', '1012.00', '63.25', '948.75'),
(2182, 1806, 1, '973.00', '80.00', '893.00', '89.30', '803.70'),
(2182, 1936, 3, '1170.00', '94.00', '1076.00', '134.50', '941.50'),
(2182, 1960, 3, '765.00', '59.00', '706.00', '141.20', '564.80'),
(2183, 1878, 3, '1383.00', '79.00', '1304.00', '65.20', '1238.80'),
(2183, 1879, 1, '904.00', '36.00', '868.00', '124.00', '744.00'),
(2183, 1904, 3, '878.00', '24.00', '854.00', '106.75', '747.25'),
(2184, 1859, 3, '888.00', '26.00', '862.00', '172.40', '689.60'),
(2184, 1937, 2, '992.00', '83.00', '909.00', '45.45', '863.55'),
(2184, 1952, 2, '1460.00', '46.00', '1414.00', '101.00', '1313.00'),
(2184, 1997, 3, '1218.00', '74.00', '1144.00', '228.80', '915.20'),
(2185, 2001, 3, '1458.00', '34.00', '1424.00', '142.40', '1281.60'),
(2186, 1905, 1, '1073.00', '29.00', '1044.00', '65.25', '978.75'),
(2187, 1885, 3, '719.00', '78.00', '641.00', '80.13', '560.88'),
(2187, 1924, 3, '949.00', '26.00', '923.00', '76.92', '846.08'),
(2187, 1948, 2, '871.00', '4.00', '867.00', '78.82', '788.18'),
(2187, 2002, 3, '938.00', '3.00', '935.00', '46.75', '888.25'),
(2188, 1809, 2, '1076.00', '60.00', '1016.00', '78.15', '937.85'),
(2188, 1848, 2, '917.00', '30.00', '887.00', '177.40', '709.60'),
(2188, 1911, 2, '859.00', '50.00', '809.00', '42.58', '766.42'),
(2188, 2003, 2, '1079.00', '48.00', '1031.00', '64.44', '966.56'),
(2189, 1899, 1, '888.00', '83.00', '805.00', '161.00', '644.00'),
(2189, 1956, 3, '1359.00', '0.00', '1359.00', '135.90', '1223.10'),
(2189, 1986, 2, '1437.00', '41.00', '1396.00', '69.80', '1326.20'),
(2189, 1991, 3, '902.00', '13.00', '889.00', '63.50', '825.50'),
(2189, 1996, 2, '685.00', '5.00', '680.00', '42.50', '637.50'),
(2190, 1870, 2, '815.00', '21.00', '794.00', '49.63', '744.38'),
(2190, 1957, 1, '1279.00', '85.00', '1194.00', '85.29', '1108.71'),
(2191, 1831, 1, '1263.00', '9.00', '1254.00', '139.33', '1114.67'),
(2191, 1847, 2, '1415.00', '71.00', '1344.00', '67.20', '1276.80'),
(2191, 1851, 3, '823.00', '13.00', '810.00', '101.25', '708.75'),
(2192, 1858, 2, '744.00', '40.00', '704.00', '50.29', '653.71'),
(2192, 1873, 1, '1394.00', '38.00', '1356.00', '169.50', '1186.50'),
(2192, 1978, 1, '1266.00', '87.00', '1179.00', '117.90', '1061.10'),
(2193, 1955, 2, '779.00', '60.00', '719.00', '143.80', '575.20'),
(2193, 1978, 3, '1266.00', '75.00', '1191.00', '79.40', '1111.60'),
(2193, 1984, 2, '1010.00', '20.00', '990.00', '61.88', '928.13'),
(2194, 1898, 3, '1320.00', '70.00', '1250.00', '69.44', '1180.56'),
(2194, 1940, 3, '1171.00', '59.00', '1112.00', '58.53', '1053.47'),
(2194, 2004, 1, '766.00', '65.00', '701.00', '50.07', '650.93'),
(2195, 1861, 3, '735.00', '12.00', '723.00', '60.25', '662.75'),
(2195, 1865, 1, '1082.00', '81.00', '1001.00', '71.50', '929.50'),
(2195, 1941, 2, '1062.00', '27.00', '1035.00', '86.25', '948.75'),
(2195, 1953, 2, '575.00', '57.00', '518.00', '103.60', '414.40'),
(2196, 1824, 2, '1268.00', '69.00', '1199.00', '85.64', '1113.36'),
(2196, 1829, 2, '1385.00', '27.00', '1358.00', '71.47', '1286.53'),
(2196, 1914, 1, '1356.00', '73.00', '1283.00', '106.92', '1176.08'),
(2196, 1990, 1, '1382.00', '77.00', '1305.00', '217.50', '1087.50'),
(2196, 1996, 2, '685.00', '78.00', '607.00', '101.17', '505.83'),
(2197, 1895, 3, '1213.00', '5.00', '1208.00', '86.29', '1121.71'),
(2197, 1914, 2, '1356.00', '48.00', '1308.00', '186.86', '1121.14'),
(2197, 1939, 1, '994.00', '68.00', '926.00', '71.23', '854.77'),
(2197, 1987, 2, '877.00', '9.00', '868.00', '72.33', '795.67'),
(2197, 1997, 3, '1218.00', '36.00', '1182.00', '59.10', '1122.90'),
(2198, 1851, 3, '823.00', '22.00', '801.00', '72.82', '728.18'),
(2199, 1978, 1, '1266.00', '98.00', '1168.00', '61.47', '1106.53'),
(2200, 1818, 3, '967.00', '55.00', '912.00', '101.33', '810.67'),
(2200, 1827, 2, '1045.00', '68.00', '977.00', '61.06', '915.94'),
(2200, 1934, 3, '943.00', '83.00', '860.00', '43.00', '817.00'),
(2201, 1920, 2, '942.00', '36.00', '906.00', '181.20', '724.80'),
(2201, 1975, 1, '1013.00', '69.00', '944.00', '72.62', '871.38'),
(2202, 1832, 3, '1093.00', '15.00', '1078.00', '59.89', '1018.11'),
(2202, 1849, 1, '1233.00', '98.00', '1135.00', '162.14', '972.86'),
(2202, 1886, 1, '1411.00', '8.00', '1403.00', '77.94', '1325.06'),
(2202, 1975, 3, '1013.00', '1.00', '1012.00', '112.44', '899.56'),
(2203, 1830, 1, '672.00', '73.00', '599.00', '35.24', '563.76'),
(2203, 1929, 3, '1179.00', '9.00', '1170.00', '234.00', '936.00'),
(2204, 1825, 3, '1023.00', '99.00', '924.00', '57.75', '866.25'),
(2204, 1831, 2, '1263.00', '81.00', '1182.00', '168.86', '1013.14'),
(2204, 1992, 3, '1303.00', '89.00', '1214.00', '202.33', '1011.67'),
(2205, 1935, 1, '1467.00', '1.00', '1466.00', '293.20', '1172.80'),
(2206, 1880, 1, '1096.00', '7.00', '1089.00', '181.50', '907.50'),
(2206, 1927, 1, '1242.00', '2.00', '1240.00', '177.14', '1062.86'),
(2206, 1951, 1, '843.00', '2.00', '841.00', '76.45', '764.55'),
(2206, 1972, 3, '510.00', '26.00', '484.00', '32.27', '451.73'),
(2206, 1987, 3, '877.00', '41.00', '836.00', '49.18', '786.82'),
(2207, 1831, 2, '1263.00', '50.00', '1213.00', '173.29', '1039.71'),
(2207, 1834, 1, '800.00', '91.00', '709.00', '88.63', '620.38'),
(2207, 1929, 2, '1179.00', '24.00', '1155.00', '57.75', '1097.25'),
(2207, 1948, 3, '871.00', '32.00', '839.00', '46.61', '792.39'),
(2208, 1820, 2, '812.00', '83.00', '729.00', '56.08', '672.92'),
(2209, 1910, 3, '951.00', '40.00', '911.00', '113.88', '797.13'),
(2210, 1896, 1, '1249.00', '18.00', '1231.00', '94.69', '1136.31'),
(2210, 1942, 1, '1311.00', '37.00', '1274.00', '79.63', '1194.38'),
(2210, 2000, 1, '727.00', '8.00', '719.00', '42.29', '676.71'),
(2211, 1819, 1, '1312.00', '58.00', '1254.00', '83.60', '1170.40'),
(2211, 1857, 2, '1246.00', '57.00', '1189.00', '66.06', '1122.94'),
(2211, 1956, 3, '1359.00', '46.00', '1313.00', '82.06', '1230.94'),
(2211, 1975, 3, '1013.00', '33.00', '980.00', '57.65', '922.35'),
(2212, 1934, 3, '943.00', '39.00', '904.00', '56.50', '847.50'),
(2213, 1821, 1, '1136.00', '34.00', '1102.00', '220.40', '881.60'),
(2213, 1961, 2, '1083.00', '73.00', '1010.00', '77.69', '932.31'),
(2213, 1975, 2, '1013.00', '75.00', '938.00', '104.22', '833.78'),
(2214, 1853, 3, '1436.00', '4.00', '1432.00', '84.24', '1347.76'),
(2214, 1966, 1, '1029.00', '51.00', '978.00', '108.67', '869.33'),
(2214, 1994, 1, '1367.00', '2.00', '1365.00', '85.31', '1279.69'),
(2215, 1868, 3, '1319.00', '8.00', '1311.00', '218.50', '1092.50'),
(2215, 1873, 1, '1394.00', '71.00', '1323.00', '88.20', '1234.80'),
(2215, 1878, 1, '1383.00', '61.00', '1322.00', '88.13', '1233.87'),
(2216, 1903, 3, '862.00', '15.00', '847.00', '60.50', '786.50'),
(2216, 1984, 1, '1010.00', '82.00', '928.00', '54.59', '873.41'),
(2217, 1809, 2, '1076.00', '8.00', '1068.00', '76.29', '991.71'),
(2217, 1894, 3, '1360.00', '63.00', '1297.00', '185.29', '1111.71'),
(2217, 1904, 2, '878.00', '1.00', '877.00', '79.73', '797.27'),
(2218, 1835, 2, '1058.00', '35.00', '1023.00', '102.30', '920.70'),
(2218, 1877, 2, '1046.00', '8.00', '1038.00', '54.63', '983.37'),
(2218, 1987, 1, '877.00', '43.00', '834.00', '52.13', '781.88'),
(2218, 1988, 1, '507.00', '50.00', '457.00', '22.85', '434.15'),
(2219, 1865, 2, '1082.00', '87.00', '995.00', '55.28', '939.72'),
(2219, 1925, 3, '873.00', '82.00', '791.00', '46.53', '744.47'),
(2219, 1961, 2, '1083.00', '83.00', '1000.00', '66.67', '933.33'),
(2220, 1816, 2, '1251.00', '80.00', '1171.00', '167.29', '1003.71'),
(2220, 1818, 1, '967.00', '30.00', '937.00', '62.47', '874.53'),
(2220, 1891, 3, '1226.00', '71.00', '1155.00', '165.00', '990.00'),
(2220, 1960, 3, '765.00', '75.00', '690.00', '49.29', '640.71'),
(2221, 1888, 2, '1080.00', '65.00', '1015.00', '59.71', '955.29'),
(2221, 1934, 3, '943.00', '91.00', '852.00', '42.60', '809.40'),
(2221, 1947, 1, '885.00', '4.00', '881.00', '88.10', '792.90'),
(2221, 1951, 2, '843.00', '66.00', '777.00', '129.50', '647.50'),
(2222, 1821, 2, '1136.00', '12.00', '1124.00', '140.50', '983.50'),
(2223, 1939, 1, '994.00', '42.00', '952.00', '50.11', '901.89'),
(2224, 1822, 1, '1429.00', '93.00', '1336.00', '74.22', '1261.78'),
(2224, 1852, 3, '1089.00', '89.00', '1000.00', '71.43', '928.57'),
(2224, 1903, 3, '862.00', '14.00', '848.00', '60.57', '787.43'),
(2224, 1922, 2, '786.00', '57.00', '729.00', '38.37', '690.63'),
(2224, 1975, 1, '1013.00', '21.00', '992.00', '49.60', '942.40'),
(2225, 1816, 2, '1251.00', '3.00', '1248.00', '78.00', '1170.00'),
(2225, 1880, 1, '1096.00', '25.00', '1071.00', '214.20', '856.80'),
(2225, 1887, 1, '904.00', '78.00', '826.00', '68.83', '757.17'),
(2225, 1994, 2, '1367.00', '31.00', '1336.00', '133.60', '1202.40'),
(2225, 2005, 1, '1136.00', '16.00', '1120.00', '74.67', '1045.33'),
(2226, 1810, 2, '1185.00', '44.00', '1141.00', '63.39', '1077.61'),
(2226, 1864, 3, '953.00', '0.00', '953.00', '79.42', '873.58'),
(2226, 1928, 2, '1305.00', '57.00', '1248.00', '73.41', '1174.59'),
(2227, 1823, 1, '688.00', '12.00', '676.00', '45.07', '630.93'),
(2227, 1869, 1, '647.00', '40.00', '607.00', '35.71', '571.29'),
(2227, 1904, 2, '878.00', '94.00', '784.00', '112.00', '672.00'),
(2227, 1925, 2, '873.00', '36.00', '837.00', '139.50', '697.50'),
(2227, 1974, 1, '930.00', '5.00', '925.00', '57.81', '867.19'),
(2228, 1838, 1, '1393.00', '13.00', '1380.00', '115.00', '1265.00'),
(2228, 1841, 2, '549.00', '31.00', '518.00', '27.26', '490.74'),
(2228, 1910, 3, '951.00', '96.00', '855.00', '106.88', '748.13'),
(2228, 1961, 2, '1083.00', '56.00', '1027.00', '85.58', '941.42'),
(2229, 1806, 3, '973.00', '64.00', '909.00', '47.84', '861.16'),
(2229, 1999, 3, '1493.00', '53.00', '1440.00', '130.91', '1309.09'),
(2230, 1829, 3, '1385.00', '89.00', '1296.00', '68.21', '1227.79'),
(2230, 1856, 1, '1248.00', '95.00', '1153.00', '67.82', '1085.18'),
(2230, 1864, 3, '953.00', '87.00', '866.00', '43.30', '822.70'),
(2230, 1947, 3, '885.00', '48.00', '837.00', '93.00', '744.00'),
(2230, 1987, 3, '877.00', '2.00', '875.00', '54.69', '820.31'),
(2231, 1858, 3, '744.00', '53.00', '691.00', '38.39', '652.61'),
(2232, 1886, 1, '1411.00', '36.00', '1375.00', '80.88', '1294.12'),
(2232, 1990, 3, '1382.00', '74.00', '1308.00', '186.86', '1121.14'),
(2233, 1921, 3, '1217.00', '22.00', '1195.00', '91.92', '1103.08'),
(2233, 1928, 1, '1305.00', '62.00', '1243.00', '82.87', '1160.13'),
(2233, 1977, 3, '1349.00', '58.00', '1291.00', '129.10', '1161.90'),
(2233, 1999, 2, '1493.00', '84.00', '1409.00', '78.28', '1330.72'),
(2234, 1967, 3, '981.00', '69.00', '912.00', '53.65', '858.35'),
(2234, 1993, 2, '1390.00', '100.00', '1290.00', '86.00', '1204.00'),
(2235, 1901, 2, '1256.00', '53.00', '1203.00', '70.76', '1132.24'),
(2235, 1977, 1, '1349.00', '67.00', '1282.00', '213.67', '1068.33'),
(2236, 1846, 1, '707.00', '22.00', '685.00', '34.25', '650.75'),
(2236, 1867, 3, '1418.00', '36.00', '1382.00', '115.17', '1266.83'),
(2237, 1838, 2, '1393.00', '61.00', '1332.00', '83.25', '1248.75'),
(2237, 1882, 1, '966.00', '67.00', '899.00', '56.19', '842.81'),
(2237, 1963, 1, '1465.00', '24.00', '1441.00', '180.13', '1260.88'),
(2237, 1984, 1, '1010.00', '53.00', '957.00', '106.33', '850.67'),
(2237, 1996, 3, '685.00', '33.00', '652.00', '46.57', '605.43'),
(2238, 1834, 2, '800.00', '70.00', '730.00', '81.11', '648.89'),
(2239, 1813, 2, '1283.00', '97.00', '1186.00', '197.67', '988.33'),
(2239, 1908, 1, '1311.00', '54.00', '1257.00', '157.13', '1099.88'),
(2239, 1952, 1, '1460.00', '97.00', '1363.00', '123.91', '1239.09'),
(2239, 1981, 2, '698.00', '24.00', '674.00', '74.89', '599.11'),
(2240, 1828, 1, '1117.00', '64.00', '1053.00', '131.63', '921.38'),
(2240, 1838, 3, '1393.00', '0.00', '1393.00', '81.94', '1311.06'),
(2240, 1873, 2, '1394.00', '12.00', '1382.00', '153.56', '1228.44'),
(2240, 1910, 2, '951.00', '79.00', '872.00', '109.00', '763.00'),
(2241, 1810, 2, '1185.00', '69.00', '1116.00', '55.80', '1060.20'),
(2241, 1900, 2, '563.00', '89.00', '474.00', '31.60', '442.40'),
(2241, 1901, 3, '1256.00', '90.00', '1166.00', '129.56', '1036.44'),
(2241, 1923, 1, '1181.00', '75.00', '1106.00', '79.00', '1027.00'),
(2241, 1973, 2, '869.00', '90.00', '779.00', '43.28', '735.72'),
(2242, 1827, 3, '1045.00', '8.00', '1037.00', '74.07', '962.93'),
(2242, 1886, 3, '1411.00', '63.00', '1348.00', '67.40', '1280.60'),
(2242, 1896, 2, '1249.00', '84.00', '1165.00', '129.44', '1035.56'),
(2242, 1935, 3, '1467.00', '37.00', '1430.00', '102.14', '1327.86'),
(2243, 1991, 1, '902.00', '53.00', '849.00', '77.18', '771.82'),
(2244, 1846, 2, '707.00', '69.00', '638.00', '58.00', '580.00'),
(2244, 1886, 3, '1411.00', '17.00', '1394.00', '139.40', '1254.60'),
(2244, 1926, 3, '799.00', '27.00', '772.00', '40.63', '731.37'),
(2244, 1945, 2, '1337.00', '51.00', '1286.00', '160.75', '1125.25'),
(2244, 1991, 2, '902.00', '90.00', '812.00', '67.67', '744.33'),
(2245, 1894, 2, '1360.00', '41.00', '1319.00', '94.21', '1224.79'),
(2245, 1924, 2, '949.00', '32.00', '917.00', '70.54', '846.46'),
(2245, 1952, 1, '1460.00', '29.00', '1431.00', '286.20', '1144.80'),
(2245, 1957, 2, '1279.00', '54.00', '1225.00', '76.56', '1148.44'),
(2245, 1982, 2, '815.00', '85.00', '730.00', '36.50', '693.50'),
(2246, 1806, 2, '973.00', '88.00', '885.00', '98.33', '786.67'),
(2246, 1875, 2, '983.00', '83.00', '900.00', '75.00', '825.00'),
(2246, 1973, 3, '869.00', '32.00', '837.00', '76.09', '760.91'),
(2246, 1986, 2, '1437.00', '81.00', '1356.00', '71.37', '1284.63'),
(2247, 1847, 3, '1415.00', '50.00', '1365.00', '97.50', '1267.50'),
(2247, 1850, 2, '620.00', '7.00', '613.00', '43.79', '569.21'),
(2247, 1894, 1, '1360.00', '20.00', '1340.00', '191.43', '1148.57'),
(2247, 1904, 3, '878.00', '29.00', '849.00', '47.17', '801.83'),
(2247, 1998, 1, '710.00', '51.00', '659.00', '41.19', '617.81'),
(2248, 1813, 2, '1283.00', '62.00', '1221.00', '122.10', '1098.90'),
(2248, 1815, 3, '1182.00', '28.00', '1154.00', '144.25', '1009.75'),
(2248, 1827, 2, '1045.00', '40.00', '1005.00', '55.83', '949.17'),
(2248, 1987, 3, '877.00', '64.00', '813.00', '90.33', '722.67'),
(2249, 1809, 1, '1076.00', '72.00', '1004.00', '100.40', '903.60'),
(2249, 1842, 2, '932.00', '47.00', '885.00', '68.08', '816.92'),
(2249, 1938, 2, '1445.00', '72.00', '1373.00', '76.28', '1296.72'),
(2249, 1942, 1, '1311.00', '95.00', '1216.00', '173.71', '1042.29'),
(2249, 2005, 1, '1136.00', '82.00', '1054.00', '210.80', '843.20'),
(2250, 1871, 1, '1156.00', '84.00', '1072.00', '134.00', '938.00'),
(2250, 1920, 2, '942.00', '98.00', '844.00', '46.89', '797.11'),
(2251, 1854, 3, '900.00', '59.00', '841.00', '84.10', '756.90'),
(2251, 1936, 2, '1170.00', '3.00', '1167.00', '233.40', '933.60'),
(2252, 1853, 2, '1436.00', '32.00', '1404.00', '108.00', '1296.00'),
(2252, 1956, 3, '1359.00', '57.00', '1302.00', '72.33', '1229.67'),
(2252, 1965, 1, '721.00', '93.00', '628.00', '62.80', '565.20'),
(2252, 1983, 1, '764.00', '92.00', '672.00', '42.00', '630.00'),
(2252, 1988, 3, '507.00', '3.00', '504.00', '33.60', '470.40'),
(2253, 1822, 3, '1429.00', '5.00', '1424.00', '71.20', '1352.80'),
(2254, 1820, 3, '812.00', '46.00', '766.00', '109.43', '656.57'),
(2254, 1838, 2, '1393.00', '31.00', '1362.00', '71.68', '1290.32'),
(2254, 1926, 1, '799.00', '87.00', '712.00', '118.67', '593.33'),
(2254, 1977, 3, '1349.00', '85.00', '1264.00', '84.27', '1179.73'),
(2255, 1813, 1, '1283.00', '53.00', '1230.00', '87.86', '1142.14'),
(2255, 1841, 1, '549.00', '13.00', '536.00', '89.33', '446.67'),
(2255, 1946, 3, '899.00', '92.00', '807.00', '134.50', '672.50'),
(2256, 1852, 3, '1089.00', '16.00', '1073.00', '119.22', '953.78'),
(2256, 1947, 3, '885.00', '89.00', '796.00', '41.89', '754.11'),
(2256, 1968, 1, '754.00', '41.00', '713.00', '41.94', '671.06'),
(2257, 1845, 3, '928.00', '74.00', '854.00', '56.93', '797.07'),
(2257, 1883, 2, '732.00', '10.00', '722.00', '36.10', '685.90'),
(2257, 1915, 2, '1234.00', '44.00', '1190.00', '170.00', '1020.00'),
(2257, 1969, 2, '1308.00', '83.00', '1225.00', '245.00', '980.00'),
(2257, 1996, 1, '685.00', '92.00', '593.00', '34.88', '558.12'),
(2258, 1856, 2, '1248.00', '30.00', '1218.00', '203.00', '1015.00'),
(2258, 1875, 2, '983.00', '13.00', '970.00', '53.89', '916.11'),
(2258, 1971, 2, '650.00', '22.00', '628.00', '31.40', '596.60'),
(2258, 1984, 1, '1010.00', '99.00', '911.00', '113.88', '797.13'),
(2259, 1825, 3, '1023.00', '78.00', '945.00', '49.74', '895.26'),
(2259, 1862, 1, '1185.00', '16.00', '1169.00', '83.50', '1085.50'),
(2259, 1868, 3, '1319.00', '44.00', '1275.00', '212.50', '1062.50'),
(2259, 1892, 2, '780.00', '6.00', '774.00', '45.53', '728.47'),
(2259, 1909, 1, '1418.00', '80.00', '1338.00', '66.90', '1271.10'),
(2260, 1842, 1, '932.00', '67.00', '865.00', '96.11', '768.89'),
(2260, 1861, 3, '735.00', '59.00', '676.00', '96.57', '579.43'),
(2260, 1928, 3, '1305.00', '45.00', '1260.00', '78.75', '1181.25'),
(2260, 1999, 2, '1493.00', '76.00', '1417.00', '128.82', '1288.18'),
(2260, 2001, 1, '1458.00', '4.00', '1454.00', '121.17', '1332.83'),
(2261, 1903, 2, '862.00', '61.00', '801.00', '72.82', '728.18'),
(2261, 1916, 2, '769.00', '100.00', '669.00', '95.57', '573.43'),
(2262, 1830, 3, '672.00', '68.00', '604.00', '33.56', '570.44'),
(2262, 1847, 2, '1415.00', '27.00', '1388.00', '126.18', '1261.82'),
(2262, 1910, 1, '951.00', '91.00', '860.00', '43.00', '817.00'),
(2262, 1935, 3, '1467.00', '82.00', '1385.00', '81.47', '1303.53'),
(2262, 1970, 2, '1216.00', '58.00', '1158.00', '72.38', '1085.63'),
(2263, 1853, 1, '1436.00', '28.00', '1408.00', '82.82', '1325.18'),
(2263, 1938, 2, '1445.00', '67.00', '1378.00', '68.90', '1309.10'),
(2263, 1964, 1, '1409.00', '67.00', '1342.00', '103.23', '1238.77'),
(2264, 1900, 2, '563.00', '91.00', '472.00', '39.33', '432.67'),
(2264, 1961, 3, '1083.00', '27.00', '1056.00', '62.12', '993.88'),
(2265, 1865, 1, '1082.00', '26.00', '1056.00', '55.58', '1000.42'),
(2265, 1938, 1, '1445.00', '65.00', '1380.00', '276.00', '1104.00'),
(2265, 1953, 3, '575.00', '28.00', '547.00', '32.18', '514.82'),
(2266, 1899, 2, '888.00', '28.00', '860.00', '57.33', '802.67'),
(2266, 1911, 3, '859.00', '38.00', '821.00', '74.64', '746.36'),
(2266, 1913, 3, '964.00', '26.00', '938.00', '104.22', '833.78'),
(2266, 1970, 1, '1216.00', '17.00', '1199.00', '133.22', '1065.78');
INSERT INTO `orders_product` (`id_order`, `id_product`, `count`, `price`, `discount`, `final_price`, `profit`, `cost_price`) VALUES
(2266, 1984, 1, '1010.00', '81.00', '929.00', '116.13', '812.88'),
(2267, 1965, 3, '721.00', '52.00', '669.00', '41.81', '627.19'),
(2267, 1985, 3, '756.00', '9.00', '747.00', '74.70', '672.30'),
(2267, 1994, 3, '1367.00', '47.00', '1320.00', '132.00', '1188.00'),
(2268, 1913, 3, '964.00', '64.00', '900.00', '64.29', '835.71'),
(2268, 1940, 3, '1171.00', '32.00', '1139.00', '56.95', '1082.05'),
(2268, 1996, 2, '685.00', '1.00', '684.00', '97.71', '586.29'),
(2269, 1816, 3, '1251.00', '23.00', '1228.00', '153.50', '1074.50'),
(2269, 1846, 2, '707.00', '78.00', '629.00', '34.94', '594.06'),
(2269, 1868, 1, '1319.00', '54.00', '1265.00', '126.50', '1138.50'),
(2269, 1886, 2, '1411.00', '79.00', '1332.00', '133.20', '1198.80'),
(2270, 1881, 3, '1315.00', '74.00', '1241.00', '68.94', '1172.06'),
(2270, 1998, 1, '710.00', '83.00', '627.00', '104.50', '522.50'),
(2270, 2004, 1, '766.00', '69.00', '697.00', '139.40', '557.60'),
(2271, 1949, 3, '1284.00', '62.00', '1222.00', '94.00', '1128.00'),
(2271, 1993, 3, '1390.00', '32.00', '1358.00', '194.00', '1164.00'),
(2272, 1806, 3, '973.00', '79.00', '894.00', '89.40', '804.60'),
(2272, 1879, 1, '904.00', '27.00', '877.00', '58.47', '818.53'),
(2272, 1899, 3, '888.00', '82.00', '806.00', '42.42', '763.58'),
(2272, 1971, 2, '650.00', '60.00', '590.00', '42.14', '547.86'),
(2273, 1833, 1, '761.00', '63.00', '698.00', '38.78', '659.22'),
(2273, 1834, 2, '800.00', '36.00', '764.00', '109.14', '654.86'),
(2273, 1849, 3, '1233.00', '33.00', '1200.00', '200.00', '1000.00'),
(2273, 1896, 3, '1249.00', '62.00', '1187.00', '148.38', '1038.63'),
(2273, 1944, 2, '778.00', '66.00', '712.00', '50.86', '661.14'),
(2274, 1808, 3, '504.00', '87.00', '417.00', '83.40', '333.60'),
(2274, 1915, 1, '1234.00', '11.00', '1223.00', '135.89', '1087.11'),
(2274, 1918, 1, '1158.00', '43.00', '1115.00', '61.94', '1053.06'),
(2274, 1920, 1, '942.00', '15.00', '927.00', '103.00', '824.00'),
(2275, 1811, 2, '584.00', '52.00', '532.00', '31.29', '500.71'),
(2275, 1859, 3, '888.00', '75.00', '813.00', '50.81', '762.19'),
(2275, 1940, 3, '1171.00', '69.00', '1102.00', '137.75', '964.25'),
(2275, 1973, 1, '869.00', '74.00', '795.00', '41.84', '753.16'),
(2275, 1974, 1, '930.00', '73.00', '857.00', '57.13', '799.87'),
(2276, 1856, 3, '1248.00', '45.00', '1203.00', '109.36', '1093.64'),
(2276, 1874, 2, '966.00', '15.00', '951.00', '135.86', '815.14'),
(2276, 1886, 2, '1411.00', '9.00', '1402.00', '280.40', '1121.60'),
(2276, 1985, 2, '756.00', '50.00', '706.00', '70.60', '635.40'),
(2277, 1984, 2, '1010.00', '71.00', '939.00', '55.24', '883.76'),
(2278, 1971, 1, '650.00', '76.00', '574.00', '114.80', '459.20'),
(2279, 1893, 2, '1408.00', '88.00', '1320.00', '69.47', '1250.53'),
(2280, 1827, 1, '1045.00', '54.00', '991.00', '58.29', '932.71'),
(2280, 1833, 2, '761.00', '66.00', '695.00', '49.64', '645.36'),
(2280, 1855, 1, '1244.00', '40.00', '1204.00', '92.62', '1111.38'),
(2280, 1915, 1, '1234.00', '63.00', '1171.00', '58.55', '1112.45'),
(2280, 2004, 3, '766.00', '96.00', '670.00', '41.88', '628.13'),
(2281, 1855, 1, '1244.00', '47.00', '1197.00', '59.85', '1137.15'),
(2281, 1925, 3, '873.00', '59.00', '814.00', '90.44', '723.56'),
(2281, 2005, 3, '1136.00', '4.00', '1132.00', '102.91', '1029.09'),
(2282, 1913, 2, '964.00', '6.00', '958.00', '59.88', '898.13'),
(2282, 1943, 1, '1421.00', '60.00', '1361.00', '71.63', '1289.37'),
(2282, 1961, 1, '1083.00', '57.00', '1026.00', '146.57', '879.43'),
(2283, 1915, 1, '1234.00', '85.00', '1149.00', '95.75', '1053.25'),
(2283, 1935, 1, '1467.00', '69.00', '1398.00', '279.60', '1118.40'),
(2283, 1981, 1, '698.00', '12.00', '686.00', '52.77', '633.23'),
(2283, 1994, 1, '1367.00', '47.00', '1320.00', '264.00', '1056.00'),
(2284, 1892, 3, '780.00', '88.00', '692.00', '46.13', '645.87'),
(2284, 1974, 2, '930.00', '49.00', '881.00', '97.89', '783.11'),
(2285, 1808, 2, '504.00', '82.00', '422.00', '21.10', '400.90'),
(2285, 1822, 2, '1429.00', '27.00', '1402.00', '107.85', '1294.15'),
(2285, 1882, 2, '966.00', '20.00', '946.00', '59.13', '886.88'),
(2285, 1929, 1, '1179.00', '46.00', '1133.00', '113.30', '1019.70'),
(2286, 1857, 1, '1246.00', '17.00', '1229.00', '72.29', '1156.71'),
(2286, 1871, 1, '1156.00', '48.00', '1108.00', '110.80', '997.20'),
(2286, 1938, 3, '1445.00', '34.00', '1411.00', '141.10', '1269.90'),
(2287, 1846, 1, '707.00', '68.00', '639.00', '49.15', '589.85'),
(2287, 1888, 2, '1080.00', '34.00', '1046.00', '87.17', '958.83'),
(2287, 1892, 2, '780.00', '93.00', '687.00', '40.41', '646.59'),
(2288, 1939, 2, '994.00', '7.00', '987.00', '70.50', '916.50'),
(2288, 1976, 3, '543.00', '92.00', '451.00', '75.17', '375.83'),
(2288, 1980, 2, '886.00', '11.00', '875.00', '87.50', '787.50'),
(2288, 1984, 2, '1010.00', '51.00', '959.00', '73.77', '885.23'),
(2289, 1824, 1, '1268.00', '45.00', '1223.00', '64.37', '1158.63'),
(2289, 1899, 2, '888.00', '30.00', '858.00', '78.00', '780.00'),
(2289, 1961, 1, '1083.00', '65.00', '1018.00', '145.43', '872.57'),
(2290, 1846, 2, '707.00', '76.00', '631.00', '105.17', '525.83'),
(2290, 1941, 3, '1062.00', '23.00', '1039.00', '207.80', '831.20'),
(2290, 1973, 2, '869.00', '47.00', '822.00', '74.73', '747.27'),
(2291, 1876, 1, '1484.00', '78.00', '1406.00', '200.86', '1205.14'),
(2292, 1842, 2, '932.00', '28.00', '904.00', '113.00', '791.00'),
(2292, 1865, 2, '1082.00', '62.00', '1020.00', '72.86', '947.14'),
(2292, 1878, 3, '1383.00', '100.00', '1283.00', '85.53', '1197.47'),
(2292, 1928, 2, '1305.00', '13.00', '1292.00', '129.20', '1162.80'),
(2292, 1999, 2, '1493.00', '53.00', '1440.00', '90.00', '1350.00'),
(2293, 1822, 1, '1429.00', '21.00', '1408.00', '88.00', '1320.00'),
(2293, 1834, 1, '800.00', '66.00', '734.00', '66.73', '667.27'),
(2293, 1854, 3, '900.00', '85.00', '815.00', '135.83', '679.17'),
(2293, 1904, 3, '878.00', '69.00', '809.00', '73.55', '735.45'),
(2293, 1921, 3, '1217.00', '98.00', '1119.00', '93.25', '1025.75'),
(2294, 1830, 3, '672.00', '30.00', '642.00', '91.71', '550.29'),
(2294, 1839, 1, '1223.00', '14.00', '1209.00', '80.60', '1128.40'),
(2294, 1890, 3, '1011.00', '42.00', '969.00', '88.09', '880.91'),
(2294, 1914, 1, '1356.00', '34.00', '1322.00', '120.18', '1201.82'),
(2294, 1945, 3, '1337.00', '47.00', '1290.00', '143.33', '1146.67'),
(2295, 1850, 1, '620.00', '42.00', '578.00', '34.00', '544.00'),
(2295, 1871, 2, '1156.00', '45.00', '1111.00', '158.71', '952.29'),
(2295, 1931, 3, '620.00', '74.00', '546.00', '49.64', '496.36'),
(2295, 1973, 3, '869.00', '23.00', '846.00', '84.60', '761.40'),
(2296, 1811, 2, '584.00', '33.00', '551.00', '34.44', '516.56'),
(2296, 1904, 1, '878.00', '0.00', '878.00', '67.54', '810.46'),
(2296, 1915, 3, '1234.00', '9.00', '1225.00', '94.23', '1130.77'),
(2297, 1806, 2, '973.00', '84.00', '889.00', '148.17', '740.83'),
(2297, 1916, 1, '769.00', '56.00', '713.00', '89.13', '623.88'),
(2297, 1950, 1, '1316.00', '71.00', '1245.00', '77.81', '1167.19'),
(2297, 1984, 3, '1010.00', '9.00', '1001.00', '111.22', '889.78'),
(2298, 1819, 3, '1312.00', '10.00', '1302.00', '81.38', '1220.63'),
(2298, 1847, 1, '1415.00', '71.00', '1344.00', '70.74', '1273.26'),
(2298, 1922, 2, '786.00', '80.00', '706.00', '141.20', '564.80'),
(2298, 1989, 2, '1320.00', '74.00', '1246.00', '65.58', '1180.42'),
(2299, 1993, 2, '1390.00', '75.00', '1315.00', '87.67', '1227.33'),
(2299, 2003, 2, '1079.00', '9.00', '1070.00', '133.75', '936.25'),
(2300, 1844, 3, '1464.00', '29.00', '1435.00', '84.41', '1350.59'),
(2300, 1948, 1, '871.00', '53.00', '818.00', '51.13', '766.88'),
(2300, 1985, 1, '756.00', '5.00', '751.00', '50.07', '700.93'),
(2300, 1988, 3, '507.00', '58.00', '449.00', '22.45', '426.55'),
(2300, 2001, 2, '1458.00', '35.00', '1423.00', '79.06', '1343.94'),
(2301, 1881, 3, '1315.00', '74.00', '1241.00', '124.10', '1116.90'),
(2301, 1923, 1, '1181.00', '44.00', '1137.00', '87.46', '1049.54'),
(2301, 1953, 3, '575.00', '93.00', '482.00', '96.40', '385.60'),
(2301, 1955, 1, '779.00', '94.00', '685.00', '38.06', '646.94'),
(2301, 1970, 2, '1216.00', '84.00', '1132.00', '94.33', '1037.67'),
(2302, 1871, 2, '1156.00', '18.00', '1138.00', '142.25', '995.75'),
(2303, 1820, 2, '812.00', '40.00', '772.00', '77.20', '694.80'),
(2303, 1935, 3, '1467.00', '28.00', '1439.00', '95.93', '1343.07'),
(2304, 1830, 2, '672.00', '52.00', '620.00', '103.33', '516.67'),
(2304, 1833, 1, '761.00', '18.00', '743.00', '41.28', '701.72'),
(2304, 1963, 3, '1465.00', '46.00', '1419.00', '202.71', '1216.29'),
(2305, 1954, 2, '607.00', '25.00', '582.00', '44.77', '537.23'),
(2305, 1967, 1, '981.00', '26.00', '955.00', '95.50', '859.50'),
(2306, 1857, 3, '1246.00', '68.00', '1178.00', '58.90', '1119.10'),
(2306, 1941, 1, '1062.00', '25.00', '1037.00', '172.83', '864.17'),
(2307, 1843, 1, '1315.00', '48.00', '1267.00', '105.58', '1161.42'),
(2307, 1979, 2, '1483.00', '40.00', '1443.00', '72.15', '1370.85'),
(2307, 1990, 1, '1382.00', '88.00', '1294.00', '86.27', '1207.73'),
(2308, 1883, 1, '732.00', '77.00', '655.00', '36.39', '618.61'),
(2308, 1935, 1, '1467.00', '2.00', '1465.00', '162.78', '1302.22'),
(2308, 1937, 2, '992.00', '24.00', '968.00', '69.14', '898.86'),
(2309, 1925, 1, '873.00', '100.00', '773.00', '85.89', '687.11'),
(2309, 1961, 2, '1083.00', '51.00', '1032.00', '54.32', '977.68'),
(2309, 1993, 1, '1390.00', '23.00', '1367.00', '75.94', '1291.06'),
(2310, 1843, 2, '1315.00', '60.00', '1255.00', '73.82', '1181.18'),
(2310, 1883, 2, '732.00', '46.00', '686.00', '76.22', '609.78'),
(2310, 1908, 1, '1311.00', '35.00', '1276.00', '159.50', '1116.50'),
(2310, 1945, 1, '1337.00', '59.00', '1278.00', '79.88', '1198.13'),
(2311, 1896, 1, '1249.00', '34.00', '1215.00', '173.57', '1041.43'),
(2311, 1938, 2, '1445.00', '10.00', '1435.00', '239.17', '1195.83'),
(2311, 1989, 2, '1320.00', '70.00', '1250.00', '96.15', '1153.85'),
(2312, 1806, 1, '973.00', '49.00', '924.00', '54.35', '869.65'),
(2312, 1855, 3, '1244.00', '83.00', '1161.00', '145.13', '1015.88'),
(2312, 1882, 1, '966.00', '85.00', '881.00', '51.82', '829.18'),
(2313, 1838, 2, '1393.00', '64.00', '1329.00', '166.13', '1162.88'),
(2313, 1900, 1, '563.00', '46.00', '517.00', '28.72', '488.28'),
(2313, 1919, 2, '1278.00', '47.00', '1231.00', '61.55', '1169.45'),
(2313, 1971, 1, '650.00', '1.00', '649.00', '81.13', '567.88'),
(2313, 1999, 3, '1493.00', '32.00', '1461.00', '76.89', '1384.11'),
(2314, 1886, 2, '1411.00', '20.00', '1391.00', '139.10', '1251.90'),
(2314, 1947, 2, '885.00', '69.00', '816.00', '48.00', '768.00'),
(2315, 1840, 1, '1116.00', '70.00', '1046.00', '61.53', '984.47'),
(2315, 1860, 1, '785.00', '19.00', '766.00', '127.67', '638.33'),
(2316, 1918, 3, '1158.00', '85.00', '1073.00', '107.30', '965.70'),
(2316, 1922, 1, '786.00', '90.00', '696.00', '58.00', '638.00'),
(2316, 1977, 1, '1349.00', '90.00', '1259.00', '209.83', '1049.17'),
(2316, 1979, 1, '1483.00', '40.00', '1443.00', '80.17', '1362.83'),
(2316, 1991, 1, '902.00', '9.00', '893.00', '49.61', '843.39'),
(2317, 1903, 1, '862.00', '82.00', '780.00', '70.91', '709.09'),
(2317, 1908, 1, '1311.00', '37.00', '1274.00', '79.63', '1194.38'),
(2317, 1929, 3, '1179.00', '68.00', '1111.00', '101.00', '1010.00'),
(2317, 1947, 2, '885.00', '93.00', '792.00', '52.80', '739.20'),
(2318, 1874, 1, '966.00', '23.00', '943.00', '104.78', '838.22'),
(2318, 1896, 3, '1249.00', '43.00', '1206.00', '60.30', '1145.70'),
(2318, 1948, 3, '871.00', '17.00', '854.00', '94.89', '759.11'),
(2318, 1990, 1, '1382.00', '26.00', '1356.00', '84.75', '1271.25'),
(2319, 1922, 2, '786.00', '93.00', '693.00', '49.50', '643.50'),
(2319, 1928, 3, '1305.00', '42.00', '1263.00', '126.30', '1136.70'),
(2319, 1935, 2, '1467.00', '23.00', '1444.00', '160.44', '1283.56'),
(2319, 1943, 3, '1421.00', '41.00', '1380.00', '138.00', '1242.00'),
(2319, 1978, 1, '1266.00', '30.00', '1236.00', '137.33', '1098.67'),
(2320, 1820, 3, '812.00', '25.00', '787.00', '46.29', '740.71'),
(2320, 1898, 3, '1320.00', '60.00', '1260.00', '63.00', '1197.00'),
(2320, 1920, 1, '942.00', '57.00', '885.00', '49.17', '835.83'),
(2320, 1986, 2, '1437.00', '35.00', '1402.00', '140.20', '1261.80'),
(2320, 2000, 2, '727.00', '8.00', '719.00', '55.31', '663.69'),
(2321, 1835, 3, '1058.00', '90.00', '968.00', '56.94', '911.06'),
(2322, 1822, 2, '1429.00', '32.00', '1397.00', '174.63', '1222.38'),
(2322, 1839, 2, '1223.00', '40.00', '1183.00', '169.00', '1014.00'),
(2322, 1918, 3, '1158.00', '21.00', '1137.00', '81.21', '1055.79'),
(2322, 1992, 3, '1303.00', '63.00', '1240.00', '65.26', '1174.74'),
(2323, 1813, 3, '1283.00', '55.00', '1228.00', '61.40', '1166.60'),
(2323, 1840, 1, '1116.00', '94.00', '1022.00', '68.13', '953.87'),
(2323, 1849, 2, '1233.00', '49.00', '1184.00', '197.33', '986.67'),
(2323, 1893, 2, '1408.00', '58.00', '1350.00', '225.00', '1125.00'),
(2323, 1930, 3, '608.00', '89.00', '519.00', '74.14', '444.86'),
(2324, 1979, 3, '1483.00', '94.00', '1389.00', '92.60', '1296.40'),
(2325, 1965, 1, '721.00', '63.00', '658.00', '54.83', '603.17'),
(2326, 1813, 3, '1283.00', '32.00', '1251.00', '73.59', '1177.41'),
(2326, 1995, 3, '585.00', '60.00', '525.00', '40.38', '484.62'),
(2327, 1806, 1, '973.00', '66.00', '907.00', '129.57', '777.43'),
(2327, 1959, 1, '711.00', '92.00', '619.00', '30.95', '588.05'),
(2327, 1997, 1, '1218.00', '11.00', '1207.00', '120.70', '1086.30'),
(2328, 1813, 2, '1283.00', '75.00', '1208.00', '201.33', '1006.67'),
(2328, 1827, 1, '1045.00', '69.00', '976.00', '65.07', '910.93'),
(2328, 1897, 2, '1182.00', '62.00', '1120.00', '65.88', '1054.12'),
(2328, 1968, 2, '754.00', '25.00', '729.00', '48.60', '680.40'),
(2329, 1909, 2, '1418.00', '11.00', '1407.00', '108.23', '1298.77'),
(2329, 1953, 2, '575.00', '0.00', '575.00', '47.92', '527.08'),
(2330, 1873, 3, '1394.00', '36.00', '1358.00', '79.88', '1278.12'),
(2330, 1901, 2, '1256.00', '33.00', '1223.00', '76.44', '1146.56'),
(2330, 2005, 1, '1136.00', '35.00', '1101.00', '57.95', '1043.05'),
(2331, 1843, 1, '1315.00', '85.00', '1230.00', '136.67', '1093.33'),
(2331, 1987, 1, '877.00', '80.00', '797.00', '88.56', '708.44'),
(2332, 1837, 3, '1188.00', '52.00', '1136.00', '71.00', '1065.00'),
(2332, 1849, 1, '1233.00', '60.00', '1173.00', '106.64', '1066.36'),
(2332, 1870, 2, '815.00', '30.00', '785.00', '87.22', '697.78'),
(2332, 1950, 1, '1316.00', '83.00', '1233.00', '176.14', '1056.86'),
(2332, 1976, 3, '543.00', '92.00', '451.00', '90.20', '360.80'),
(2333, 1831, 1, '1263.00', '65.00', '1198.00', '66.56', '1131.44'),
(2333, 1864, 1, '953.00', '7.00', '946.00', '55.65', '890.35'),
(2333, 1877, 2, '1046.00', '62.00', '984.00', '75.69', '908.31'),
(2333, 1962, 2, '930.00', '18.00', '912.00', '70.15', '841.85'),
(2334, 1812, 1, '1143.00', '49.00', '1094.00', '68.38', '1025.63'),
(2334, 1856, 3, '1248.00', '32.00', '1216.00', '64.00', '1152.00'),
(2335, 1919, 2, '1278.00', '49.00', '1229.00', '94.54', '1134.46'),
(2335, 1935, 1, '1467.00', '74.00', '1393.00', '107.15', '1285.85'),
(2335, 1954, 1, '607.00', '96.00', '511.00', '51.10', '459.90'),
(2336, 1860, 3, '785.00', '61.00', '724.00', '60.33', '663.67'),
(2336, 1880, 2, '1096.00', '96.00', '1000.00', '125.00', '875.00'),
(2336, 1900, 3, '563.00', '88.00', '475.00', '95.00', '380.00'),
(2337, 1826, 1, '841.00', '93.00', '748.00', '44.00', '704.00'),
(2337, 1851, 3, '823.00', '60.00', '763.00', '69.36', '693.64'),
(2337, 1918, 3, '1158.00', '22.00', '1136.00', '142.00', '994.00'),
(2337, 1925, 1, '873.00', '86.00', '787.00', '52.47', '734.53'),
(2338, 1850, 2, '620.00', '37.00', '583.00', '83.29', '499.71'),
(2338, 1895, 2, '1213.00', '82.00', '1131.00', '94.25', '1036.75'),
(2338, 1909, 2, '1418.00', '29.00', '1389.00', '81.71', '1307.29'),
(2338, 1966, 1, '1029.00', '64.00', '965.00', '193.00', '772.00'),
(2338, 1994, 3, '1367.00', '10.00', '1357.00', '96.93', '1260.07'),
(2339, 1813, 2, '1283.00', '86.00', '1197.00', '108.82', '1088.18'),
(2339, 1896, 1, '1249.00', '20.00', '1229.00', '245.80', '983.20'),
(2340, 1875, 2, '983.00', '0.00', '983.00', '98.30', '884.70'),
(2340, 1952, 3, '1460.00', '73.00', '1387.00', '126.09', '1260.91'),
(2340, 1990, 2, '1382.00', '47.00', '1335.00', '222.50', '1112.50'),
(2340, 1996, 3, '685.00', '26.00', '659.00', '59.91', '599.09'),
(2341, 1838, 3, '1393.00', '15.00', '1378.00', '68.90', '1309.10'),
(2341, 1908, 1, '1311.00', '7.00', '1304.00', '81.50', '1222.50'),
(2341, 1918, 3, '1158.00', '66.00', '1092.00', '60.67', '1031.33'),
(2341, 1924, 2, '949.00', '63.00', '886.00', '80.55', '805.45'),
(2342, 1889, 2, '1305.00', '84.00', '1221.00', '81.40', '1139.60'),
(2343, 1906, 2, '987.00', '46.00', '941.00', '62.73', '878.27'),
(2343, 1949, 2, '1284.00', '91.00', '1193.00', '108.45', '1084.55'),
(2343, 1951, 3, '843.00', '5.00', '838.00', '55.87', '782.13'),
(2343, 1967, 1, '981.00', '94.00', '887.00', '44.35', '842.65'),
(2343, 1989, 2, '1320.00', '93.00', '1227.00', '72.18', '1154.82'),
(2344, 1863, 2, '1218.00', '77.00', '1141.00', '67.12', '1073.88'),
(2344, 1876, 3, '1484.00', '97.00', '1387.00', '92.47', '1294.53'),
(2344, 1913, 2, '964.00', '63.00', '901.00', '150.17', '750.83'),
(2344, 1960, 3, '765.00', '67.00', '698.00', '38.78', '659.22'),
(2345, 1841, 2, '549.00', '3.00', '546.00', '34.13', '511.88'),
(2345, 1891, 3, '1226.00', '97.00', '1129.00', '62.72', '1066.28'),
(2345, 1914, 3, '1356.00', '93.00', '1263.00', '70.17', '1192.83'),
(2345, 1976, 1, '543.00', '41.00', '502.00', '25.10', '476.90'),
(2345, 1992, 3, '1303.00', '22.00', '1281.00', '64.05', '1216.95'),
(2346, 1817, 1, '1362.00', '42.00', '1320.00', '77.65', '1242.35'),
(2346, 1827, 2, '1045.00', '38.00', '1007.00', '83.92', '923.08'),
(2346, 2004, 1, '766.00', '10.00', '756.00', '75.60', '680.40'),
(2347, 1807, 2, '1214.00', '83.00', '1131.00', '188.50', '942.50'),
(2347, 1813, 1, '1283.00', '15.00', '1268.00', '181.14', '1086.86'),
(2347, 1844, 3, '1464.00', '51.00', '1413.00', '128.45', '1284.55'),
(2347, 1855, 1, '1244.00', '1.00', '1243.00', '113.00', '1130.00'),
(2347, 1935, 1, '1467.00', '95.00', '1372.00', '68.60', '1303.40'),
(2348, 1847, 2, '1415.00', '30.00', '1385.00', '138.50', '1246.50'),
(2348, 1993, 3, '1390.00', '73.00', '1317.00', '219.50', '1097.50'),
(2349, 1873, 3, '1394.00', '90.00', '1304.00', '76.71', '1227.29'),
(2349, 1909, 3, '1418.00', '3.00', '1415.00', '117.92', '1297.08'),
(2350, 1836, 1, '1365.00', '3.00', '1362.00', '97.29', '1264.71'),
(2350, 1879, 1, '904.00', '61.00', '843.00', '44.37', '798.63'),
(2350, 1994, 2, '1367.00', '25.00', '1342.00', '83.88', '1258.13'),
(2350, 2004, 1, '766.00', '71.00', '695.00', '86.88', '608.13'),
(2351, 1816, 2, '1251.00', '96.00', '1155.00', '88.85', '1066.15'),
(2351, 1865, 2, '1082.00', '83.00', '999.00', '55.50', '943.50'),
(2351, 1866, 3, '1204.00', '100.00', '1104.00', '220.80', '883.20'),
(2351, 1878, 3, '1383.00', '22.00', '1361.00', '123.73', '1237.27'),
(2351, 1918, 2, '1158.00', '44.00', '1114.00', '61.89', '1052.11'),
(2352, 1865, 3, '1082.00', '53.00', '1029.00', '128.63', '900.38'),
(2352, 1904, 2, '878.00', '36.00', '842.00', '105.25', '736.75'),
(2352, 1926, 2, '799.00', '94.00', '705.00', '78.33', '626.67'),
(2353, 1842, 1, '932.00', '28.00', '904.00', '60.27', '843.73'),
(2353, 1866, 2, '1204.00', '81.00', '1123.00', '124.78', '998.22'),
(2353, 1944, 3, '778.00', '58.00', '720.00', '72.00', '648.00'),
(2353, 1996, 1, '685.00', '67.00', '618.00', '51.50', '566.50'),
(2354, 1808, 2, '504.00', '48.00', '456.00', '50.67', '405.33'),
(2354, 1816, 1, '1251.00', '60.00', '1191.00', '79.40', '1111.60'),
(2354, 1912, 1, '820.00', '24.00', '796.00', '56.86', '739.14'),
(2354, 1980, 1, '886.00', '92.00', '794.00', '72.18', '721.82'),
(2355, 1822, 3, '1429.00', '61.00', '1368.00', '68.40', '1299.60'),
(2355, 2005, 2, '1136.00', '55.00', '1081.00', '108.10', '972.90'),
(2356, 1850, 1, '620.00', '75.00', '545.00', '41.92', '503.08'),
(2356, 1940, 1, '1171.00', '95.00', '1076.00', '59.78', '1016.22'),
(2356, 1961, 3, '1083.00', '62.00', '1021.00', '72.93', '948.07'),
(2357, 1889, 1, '1305.00', '97.00', '1208.00', '67.11', '1140.89'),
(2358, 1828, 1, '1117.00', '44.00', '1073.00', '53.65', '1019.35'),
(2358, 1875, 3, '983.00', '9.00', '974.00', '64.93', '909.07'),
(2358, 1901, 3, '1256.00', '44.00', '1212.00', '110.18', '1101.82'),
(2359, 1851, 2, '823.00', '30.00', '793.00', '132.17', '660.83'),
(2359, 1870, 2, '815.00', '47.00', '768.00', '48.00', '720.00'),
(2359, 1988, 1, '507.00', '87.00', '420.00', '23.33', '396.67'),
(2360, 1810, 1, '1185.00', '4.00', '1181.00', '69.47', '1111.53'),
(2360, 1865, 1, '1082.00', '58.00', '1024.00', '128.00', '896.00'),
(2360, 1899, 2, '888.00', '51.00', '837.00', '119.57', '717.43'),
(2360, 1904, 3, '878.00', '96.00', '782.00', '41.16', '740.84'),
(2361, 1869, 2, '647.00', '91.00', '556.00', '50.55', '505.45'),
(2361, 1925, 1, '873.00', '71.00', '802.00', '133.67', '668.33'),
(2362, 1809, 2, '1076.00', '89.00', '987.00', '197.40', '789.60'),
(2362, 1838, 2, '1393.00', '90.00', '1303.00', '118.45', '1184.55'),
(2363, 1862, 3, '1185.00', '21.00', '1164.00', '166.29', '997.71'),
(2364, 1855, 3, '1244.00', '9.00', '1235.00', '112.27', '1122.73'),
(2364, 1983, 1, '764.00', '54.00', '710.00', '44.38', '665.63'),
(2364, 1985, 1, '756.00', '23.00', '733.00', '52.36', '680.64'),
(2365, 1807, 2, '1214.00', '12.00', '1202.00', '66.78', '1135.22'),
(2365, 1822, 3, '1429.00', '87.00', '1342.00', '223.67', '1118.33'),
(2365, 1876, 1, '1484.00', '14.00', '1470.00', '210.00', '1260.00'),
(2366, 1849, 1, '1233.00', '7.00', '1226.00', '245.20', '980.80'),
(2366, 1903, 2, '862.00', '56.00', '806.00', '67.17', '738.83'),
(2366, 1909, 2, '1418.00', '100.00', '1318.00', '109.83', '1208.17'),
(2366, 1962, 2, '930.00', '25.00', '905.00', '100.56', '804.44'),
(2366, 1975, 3, '1013.00', '85.00', '928.00', '66.29', '861.71'),
(2367, 1830, 1, '672.00', '16.00', '656.00', '41.00', '615.00'),
(2367, 1966, 1, '1029.00', '58.00', '971.00', '121.38', '849.63'),
(2367, 1978, 1, '1266.00', '55.00', '1211.00', '80.73', '1130.27'),
(2367, 1985, 2, '756.00', '75.00', '681.00', '113.50', '567.50'),
(2367, 1992, 2, '1303.00', '61.00', '1242.00', '82.80', '1159.20'),
(2368, 1892, 3, '780.00', '49.00', '731.00', '38.47', '692.53'),
(2368, 1959, 2, '711.00', '0.00', '711.00', '47.40', '663.60'),
(2369, 1887, 3, '904.00', '57.00', '847.00', '169.40', '677.60'),
(2369, 1968, 3, '754.00', '72.00', '682.00', '35.89', '646.11'),
(2370, 1871, 3, '1156.00', '69.00', '1087.00', '181.17', '905.83'),
(2370, 1953, 2, '575.00', '100.00', '475.00', '52.78', '422.22'),
(2371, 1878, 2, '1383.00', '46.00', '1337.00', '95.50', '1241.50'),
(2371, 1923, 2, '1181.00', '41.00', '1140.00', '142.50', '997.50'),
(2372, 1865, 2, '1082.00', '79.00', '1003.00', '59.00', '944.00'),
(2372, 1970, 1, '1216.00', '44.00', '1172.00', '68.94', '1103.06'),
(2373, 1909, 3, '1418.00', '57.00', '1361.00', '123.73', '1237.27'),
(2374, 1823, 3, '688.00', '72.00', '616.00', '34.22', '581.78'),
(2374, 1850, 1, '620.00', '6.00', '614.00', '51.17', '562.83'),
(2374, 1881, 1, '1315.00', '49.00', '1266.00', '79.13', '1186.88'),
(2374, 1948, 2, '871.00', '100.00', '771.00', '38.55', '732.45'),
(2374, 1970, 3, '1216.00', '89.00', '1127.00', '70.44', '1056.56'),
(2375, 1843, 1, '1315.00', '43.00', '1272.00', '115.64', '1156.36'),
(2375, 1975, 3, '1013.00', '17.00', '996.00', '166.00', '830.00'),
(2376, 1849, 2, '1233.00', '48.00', '1185.00', '84.64', '1100.36'),
(2376, 1919, 1, '1278.00', '71.00', '1207.00', '75.44', '1131.56'),
(2377, 1980, 1, '886.00', '2.00', '884.00', '49.11', '834.89'),
(2377, 1985, 3, '756.00', '8.00', '748.00', '57.54', '690.46'),
(2378, 1880, 2, '1096.00', '38.00', '1058.00', '151.14', '906.86'),
(2379, 1814, 2, '1063.00', '46.00', '1017.00', '169.50', '847.50'),
(2379, 1857, 1, '1246.00', '38.00', '1208.00', '172.57', '1035.43'),
(2379, 1944, 3, '778.00', '75.00', '703.00', '58.58', '644.42'),
(2380, 1944, 3, '778.00', '93.00', '685.00', '40.29', '644.71'),
(2380, 1983, 2, '764.00', '32.00', '732.00', '45.75', '686.25'),
(2381, 1845, 3, '928.00', '33.00', '895.00', '44.75', '850.25'),
(2381, 1973, 1, '869.00', '80.00', '789.00', '39.45', '749.55'),
(2382, 1824, 2, '1268.00', '3.00', '1265.00', '140.56', '1124.44'),
(2382, 1892, 2, '780.00', '82.00', '698.00', '116.33', '581.67'),
(2382, 1929, 1, '1179.00', '53.00', '1126.00', '62.56', '1063.44'),
(2382, 1975, 1, '1013.00', '38.00', '975.00', '195.00', '780.00'),
(2383, 1907, 2, '1119.00', '18.00', '1101.00', '64.76', '1036.24'),
(2384, 1904, 1, '878.00', '84.00', '794.00', '44.11', '749.89'),
(2385, 1889, 1, '1305.00', '100.00', '1205.00', '92.69', '1112.31'),
(2385, 1916, 1, '769.00', '0.00', '769.00', '40.47', '728.53'),
(2385, 1973, 2, '869.00', '4.00', '865.00', '86.50', '778.50'),
(2385, 1992, 1, '1303.00', '68.00', '1235.00', '77.19', '1157.81'),
(2386, 1807, 3, '1214.00', '40.00', '1174.00', '65.22', '1108.78'),
(2386, 1918, 3, '1158.00', '86.00', '1072.00', '63.06', '1008.94'),
(2386, 1953, 3, '575.00', '96.00', '479.00', '53.22', '425.78'),
(2386, 1955, 1, '779.00', '35.00', '744.00', '49.60', '694.40'),
(2387, 1816, 3, '1251.00', '86.00', '1165.00', '83.21', '1081.79'),
(2387, 1822, 3, '1429.00', '55.00', '1374.00', '114.50', '1259.50'),
(2387, 1839, 3, '1223.00', '39.00', '1184.00', '236.80', '947.20'),
(2388, 1843, 3, '1315.00', '31.00', '1284.00', '183.43', '1100.57'),
(2389, 1851, 2, '823.00', '78.00', '745.00', '41.39', '703.61'),
(2389, 1910, 2, '951.00', '25.00', '926.00', '66.14', '859.86'),
(2389, 1911, 3, '859.00', '39.00', '820.00', '91.11', '728.89'),
(2390, 1833, 1, '761.00', '79.00', '682.00', '34.10', '647.90'),
(2390, 1933, 3, '1221.00', '0.00', '1221.00', '135.67', '1085.33'),
(2391, 1954, 2, '607.00', '70.00', '537.00', '59.67', '477.33'),
(2392, 1922, 1, '786.00', '82.00', '704.00', '35.20', '668.80'),
(2393, 1850, 1, '620.00', '46.00', '574.00', '47.83', '526.17'),
(2394, 1812, 3, '1143.00', '76.00', '1067.00', '213.40', '853.60'),
(2394, 1910, 1, '951.00', '51.00', '900.00', '56.25', '843.75'),
(2394, 1928, 3, '1305.00', '28.00', '1277.00', '141.89', '1135.11'),
(2395, 1862, 3, '1185.00', '84.00', '1101.00', '55.05', '1045.95'),
(2395, 1876, 2, '1484.00', '36.00', '1448.00', '80.44', '1367.56'),
(2395, 1963, 1, '1465.00', '18.00', '1447.00', '85.12', '1361.88'),
(2396, 1813, 2, '1283.00', '5.00', '1278.00', '79.88', '1198.13'),
(2396, 1833, 3, '761.00', '8.00', '753.00', '47.06', '705.94'),
(2396, 1886, 3, '1411.00', '33.00', '1378.00', '229.67', '1148.33'),
(2397, 1820, 3, '812.00', '40.00', '772.00', '48.25', '723.75'),
(2397, 1852, 1, '1089.00', '6.00', '1083.00', '60.17', '1022.83'),
(2398, 1915, 3, '1234.00', '10.00', '1224.00', '174.86', '1049.14'),
(2398, 1917, 2, '650.00', '67.00', '583.00', '48.58', '534.42'),
(2398, 2003, 2, '1079.00', '95.00', '984.00', '65.60', '918.40'),
(2399, 1811, 3, '584.00', '9.00', '575.00', '35.94', '539.06'),
(2399, 1853, 1, '1436.00', '50.00', '1386.00', '198.00', '1188.00'),
(2399, 1879, 2, '904.00', '57.00', '847.00', '141.17', '705.83'),
(2399, 1932, 3, '885.00', '28.00', '857.00', '50.41', '806.59'),
(2400, 1923, 2, '1181.00', '15.00', '1166.00', '116.60', '1049.40'),
(2400, 1959, 2, '711.00', '12.00', '699.00', '34.95', '664.05'),
(2400, 1965, 1, '721.00', '15.00', '706.00', '50.43', '655.57'),
(2400, 1969, 1, '1308.00', '93.00', '1215.00', '86.79', '1128.21'),
(2400, 1997, 3, '1218.00', '84.00', '1134.00', '103.09', '1030.91'),
(2401, 1912, 1, '820.00', '62.00', '758.00', '63.17', '694.83'),
(2401, 1916, 1, '769.00', '69.00', '700.00', '43.75', '656.25'),
(2401, 1927, 3, '1242.00', '45.00', '1197.00', '59.85', '1137.15'),
(2401, 2003, 3, '1079.00', '33.00', '1046.00', '58.11', '987.89'),
(2402, 1857, 3, '1246.00', '65.00', '1181.00', '84.36', '1096.64'),
(2402, 1869, 1, '647.00', '95.00', '552.00', '50.18', '501.82'),
(2402, 1934, 1, '943.00', '92.00', '851.00', '85.10', '765.90'),
(2402, 1941, 2, '1062.00', '31.00', '1031.00', '79.31', '951.69'),
(2402, 1946, 2, '899.00', '72.00', '827.00', '91.89', '735.11'),
(2403, 1820, 2, '812.00', '72.00', '740.00', '52.86', '687.14'),
(2403, 1843, 2, '1315.00', '70.00', '1245.00', '88.93', '1156.07'),
(2403, 1865, 3, '1082.00', '14.00', '1068.00', '89.00', '979.00'),
(2403, 2002, 2, '938.00', '60.00', '878.00', '79.82', '798.18'),
(2403, 2005, 2, '1136.00', '46.00', '1090.00', '181.67', '908.33'),
(2404, 1922, 3, '786.00', '68.00', '718.00', '71.80', '646.20'),
(2404, 1961, 1, '1083.00', '70.00', '1013.00', '168.83', '844.17'),
(2405, 1838, 1, '1393.00', '29.00', '1364.00', '124.00', '1240.00'),
(2405, 1888, 2, '1080.00', '71.00', '1009.00', '77.62', '931.38'),
(2405, 1899, 1, '888.00', '56.00', '832.00', '75.64', '756.36'),
(2405, 1904, 1, '878.00', '69.00', '809.00', '57.79', '751.21'),
(2405, 1934, 2, '943.00', '39.00', '904.00', '75.33', '828.67'),
(2406, 1818, 3, '967.00', '5.00', '962.00', '96.20', '865.80'),
(2406, 1940, 2, '1171.00', '31.00', '1140.00', '63.33', '1076.67'),
(2406, 1966, 2, '1029.00', '39.00', '990.00', '99.00', '891.00'),
(2407, 1829, 1, '1385.00', '24.00', '1361.00', '170.13', '1190.88'),
(2407, 1885, 2, '719.00', '3.00', '716.00', '51.14', '664.86'),
(2407, 1899, 3, '888.00', '76.00', '812.00', '101.50', '710.50'),
(2407, 1950, 1, '1316.00', '76.00', '1240.00', '62.00', '1178.00'),
(2407, 1971, 3, '650.00', '48.00', '602.00', '50.17', '551.83'),
(2408, 1893, 2, '1408.00', '26.00', '1382.00', '98.71', '1283.29'),
(2408, 1910, 2, '951.00', '21.00', '930.00', '186.00', '744.00'),
(2408, 1911, 3, '859.00', '54.00', '805.00', '57.50', '747.50'),
(2408, 1977, 1, '1349.00', '42.00', '1307.00', '261.40', '1045.60'),
(2409, 1826, 3, '841.00', '53.00', '788.00', '157.60', '630.40'),
(2409, 1853, 2, '1436.00', '63.00', '1373.00', '91.53', '1281.47'),
(2409, 1908, 1, '1311.00', '84.00', '1227.00', '68.17', '1158.83'),
(2409, 1913, 1, '964.00', '16.00', '948.00', '118.50', '829.50'),
(2410, 1883, 2, '732.00', '54.00', '678.00', '96.86', '581.14'),
(2410, 1932, 2, '885.00', '100.00', '785.00', '56.07', '728.93'),
(2410, 1954, 1, '607.00', '28.00', '579.00', '36.19', '542.81'),
(2410, 1983, 2, '764.00', '98.00', '666.00', '133.20', '532.80'),
(2410, 2005, 1, '1136.00', '98.00', '1038.00', '86.50', '951.50'),
(2411, 1871, 1, '1156.00', '37.00', '1119.00', '79.93', '1039.07'),
(2411, 1945, 2, '1337.00', '61.00', '1276.00', '85.07', '1190.93'),
(2412, 1877, 3, '1046.00', '36.00', '1010.00', '67.33', '942.67'),
(2412, 1891, 3, '1226.00', '14.00', '1212.00', '101.00', '1111.00'),
(2412, 1913, 1, '964.00', '56.00', '908.00', '64.86', '843.14'),
(2412, 1924, 2, '949.00', '97.00', '852.00', '71.00', '781.00'),
(2412, 1991, 2, '902.00', '41.00', '861.00', '143.50', '717.50'),
(2413, 1815, 1, '1182.00', '44.00', '1138.00', '56.90', '1081.10'),
(2413, 1829, 2, '1385.00', '52.00', '1333.00', '88.87', '1244.13'),
(2413, 1902, 3, '1220.00', '91.00', '1129.00', '161.29', '967.71'),
(2413, 1952, 3, '1460.00', '98.00', '1362.00', '104.77', '1257.23'),
(2414, 1839, 2, '1223.00', '15.00', '1208.00', '67.11', '1140.89'),
(2414, 1952, 3, '1460.00', '76.00', '1384.00', '81.41', '1302.59'),
(2414, 1957, 3, '1279.00', '73.00', '1206.00', '172.29', '1033.71'),
(2415, 1812, 3, '1143.00', '92.00', '1051.00', '80.85', '970.15'),
(2415, 1823, 2, '688.00', '52.00', '636.00', '90.86', '545.14'),
(2415, 1875, 3, '983.00', '42.00', '941.00', '94.10', '846.90'),
(2415, 1959, 1, '711.00', '30.00', '681.00', '136.20', '544.80'),
(2415, 1991, 3, '902.00', '25.00', '877.00', '97.44', '779.56'),
(2416, 1953, 1, '575.00', '1.00', '574.00', '63.78', '510.22'),
(2417, 1853, 2, '1436.00', '72.00', '1364.00', '75.78', '1288.22'),
(2417, 1876, 1, '1484.00', '17.00', '1467.00', '122.25', '1344.75'),
(2417, 1957, 1, '1279.00', '34.00', '1245.00', '73.24', '1171.76'),
(2418, 1922, 3, '786.00', '54.00', '732.00', '66.55', '665.45'),
(2418, 1945, 1, '1337.00', '25.00', '1312.00', '131.20', '1180.80'),
(2418, 1961, 3, '1083.00', '40.00', '1043.00', '173.83', '869.17'),
(2418, 1963, 2, '1465.00', '5.00', '1460.00', '104.29', '1355.71'),
(2419, 1895, 1, '1213.00', '98.00', '1115.00', '185.83', '929.17'),
(2419, 1949, 3, '1284.00', '62.00', '1222.00', '64.32', '1157.68'),
(2419, 1988, 3, '507.00', '64.00', '443.00', '36.92', '406.08'),
(2419, 1996, 3, '685.00', '92.00', '593.00', '29.65', '563.35'),
(2420, 1814, 1, '1063.00', '38.00', '1025.00', '68.33', '956.67'),
(2420, 1912, 3, '820.00', '44.00', '776.00', '70.55', '705.45'),
(2420, 1931, 1, '620.00', '64.00', '556.00', '30.89', '525.11'),
(2420, 2005, 2, '1136.00', '45.00', '1091.00', '99.18', '991.82'),
(2421, 1816, 1, '1251.00', '63.00', '1188.00', '79.20', '1108.80'),
(2421, 1833, 3, '761.00', '91.00', '670.00', '111.67', '558.33'),
(2421, 1847, 3, '1415.00', '2.00', '1413.00', '235.50', '1177.50'),
(2422, 1813, 2, '1283.00', '7.00', '1276.00', '75.06', '1200.94'),
(2422, 1888, 1, '1080.00', '85.00', '995.00', '124.38', '870.63'),
(2422, 1907, 2, '1119.00', '21.00', '1098.00', '73.20', '1024.80'),
(2422, 1987, 1, '877.00', '14.00', '863.00', '61.64', '801.36'),
(2423, 1810, 3, '1185.00', '5.00', '1180.00', '147.50', '1032.50'),
(2423, 1829, 1, '1385.00', '52.00', '1333.00', '222.17', '1110.83'),
(2423, 1914, 3, '1356.00', '6.00', '1350.00', '122.73', '1227.27'),
(2424, 1883, 1, '732.00', '96.00', '636.00', '53.00', '583.00'),
(2425, 1992, 2, '1303.00', '10.00', '1293.00', '161.63', '1131.38'),
(2426, 1906, 3, '987.00', '50.00', '937.00', '72.08', '864.92'),
(2427, 1807, 3, '1214.00', '55.00', '1159.00', '115.90', '1043.10'),
(2427, 1986, 2, '1437.00', '60.00', '1377.00', '105.92', '1271.08'),
(2428, 1831, 2, '1263.00', '18.00', '1245.00', '83.00', '1162.00'),
(2428, 1832, 3, '1093.00', '33.00', '1060.00', '176.67', '883.33'),
(2428, 1856, 3, '1248.00', '97.00', '1151.00', '230.20', '920.80'),
(2428, 1915, 3, '1234.00', '38.00', '1196.00', '199.33', '996.67'),
(2428, 1930, 3, '608.00', '48.00', '560.00', '28.00', '532.00'),
(2429, 1902, 3, '1220.00', '20.00', '1200.00', '75.00', '1125.00'),
(2430, 1872, 2, '729.00', '79.00', '650.00', '72.22', '577.78'),
(2430, 1944, 1, '778.00', '34.00', '744.00', '57.23', '686.77'),
(2430, 1954, 1, '607.00', '85.00', '522.00', '37.29', '484.71'),
(2430, 1986, 3, '1437.00', '47.00', '1390.00', '69.50', '1320.50'),
(2431, 1808, 1, '504.00', '22.00', '482.00', '28.35', '453.65'),
(2431, 1828, 1, '1117.00', '12.00', '1105.00', '58.16', '1046.84'),
(2431, 1845, 3, '928.00', '47.00', '881.00', '80.09', '800.91'),
(2431, 1886, 3, '1411.00', '90.00', '1321.00', '165.13', '1155.88'),
(2431, 1913, 2, '964.00', '75.00', '889.00', '44.45', '844.55'),
(2432, 1915, 1, '1234.00', '14.00', '1220.00', '93.85', '1126.15'),
(2432, 1967, 1, '981.00', '24.00', '957.00', '159.50', '797.50'),
(2432, 1976, 2, '543.00', '65.00', '478.00', '39.83', '438.17'),
(2433, 1891, 3, '1226.00', '89.00', '1137.00', '103.36', '1033.64'),
(2433, 1908, 3, '1311.00', '69.00', '1242.00', '95.54', '1146.46'),
(2433, 1927, 2, '1242.00', '12.00', '1230.00', '111.82', '1118.18'),
(2434, 1813, 2, '1283.00', '70.00', '1213.00', '151.63', '1061.38'),
(2434, 1849, 3, '1233.00', '3.00', '1230.00', '246.00', '984.00'),
(2434, 1852, 3, '1089.00', '6.00', '1083.00', '57.00', '1026.00'),
(2434, 1895, 2, '1213.00', '2.00', '1211.00', '201.83', '1009.17'),
(2434, 1924, 1, '949.00', '56.00', '893.00', '68.69', '824.31'),
(2435, 1838, 3, '1393.00', '16.00', '1377.00', '86.06', '1290.94'),
(2435, 1864, 3, '953.00', '0.00', '953.00', '95.30', '857.70'),
(2435, 1880, 2, '1096.00', '30.00', '1066.00', '118.44', '947.56'),
(2435, 1919, 2, '1278.00', '14.00', '1264.00', '252.80', '1011.20'),
(2435, 1982, 3, '815.00', '56.00', '759.00', '69.00', '690.00'),
(2436, 1870, 2, '815.00', '38.00', '777.00', '59.77', '717.23'),
(2436, 1975, 2, '1013.00', '51.00', '962.00', '48.10', '913.90'),
(2436, 1997, 2, '1218.00', '43.00', '1175.00', '146.88', '1028.13'),
(2437, 1839, 3, '1223.00', '43.00', '1180.00', '84.29', '1095.71'),
(2437, 1880, 2, '1096.00', '30.00', '1066.00', '59.22', '1006.78'),
(2437, 1916, 2, '769.00', '52.00', '717.00', '119.50', '597.50'),
(2437, 1931, 2, '620.00', '66.00', '554.00', '69.25', '484.75'),
(2437, 1976, 3, '543.00', '20.00', '523.00', '43.58', '479.42'),
(2438, 1937, 2, '992.00', '30.00', '962.00', '56.59', '905.41'),
(2438, 1967, 3, '981.00', '28.00', '953.00', '63.53', '889.47'),
(2438, 1998, 1, '710.00', '79.00', '631.00', '31.55', '599.45'),
(2439, 1815, 3, '1182.00', '49.00', '1133.00', '62.94', '1070.06'),
(2439, 1899, 3, '888.00', '55.00', '833.00', '59.50', '773.50'),
(2439, 1928, 2, '1305.00', '91.00', '1214.00', '67.44', '1146.56'),
(2439, 1942, 3, '1311.00', '16.00', '1295.00', '107.92', '1187.08'),
(2440, 1872, 2, '729.00', '85.00', '644.00', '128.80', '515.20'),
(2440, 1970, 3, '1216.00', '100.00', '1116.00', '65.65', '1050.35'),
(2440, 1978, 3, '1266.00', '99.00', '1167.00', '97.25', '1069.75'),
(2441, 1928, 3, '1305.00', '75.00', '1230.00', '102.50', '1127.50'),
(2441, 1994, 3, '1367.00', '31.00', '1336.00', '148.44', '1187.56'),
(2441, 1996, 1, '685.00', '50.00', '635.00', '45.36', '589.64'),
(2442, 1817, 2, '1362.00', '72.00', '1290.00', '71.67', '1218.33'),
(2442, 1846, 3, '707.00', '13.00', '694.00', '57.83', '636.17'),
(2442, 1935, 3, '1467.00', '97.00', '1370.00', '171.25', '1198.75'),
(2443, 1855, 2, '1244.00', '18.00', '1226.00', '76.63', '1149.38'),
(2443, 1992, 3, '1303.00', '15.00', '1288.00', '85.87', '1202.13'),
(2443, 1996, 2, '685.00', '24.00', '661.00', '33.05', '627.95'),
(2444, 1900, 3, '563.00', '2.00', '561.00', '93.50', '467.50'),
(2444, 1922, 1, '786.00', '28.00', '758.00', '47.38', '710.63'),
(2445, 1812, 1, '1143.00', '73.00', '1070.00', '152.86', '917.14'),
(2445, 1868, 1, '1319.00', '19.00', '1300.00', '81.25', '1218.75'),
(2445, 1947, 3, '885.00', '95.00', '790.00', '43.89', '746.11'),
(2445, 1951, 1, '843.00', '37.00', '806.00', '134.33', '671.67'),
(2445, 2000, 2, '727.00', '89.00', '638.00', '53.17', '584.83'),
(2446, 1968, 3, '754.00', '27.00', '727.00', '48.47', '678.53'),
(2446, 1974, 1, '930.00', '48.00', '882.00', '63.00', '819.00'),
(2447, 1871, 3, '1156.00', '100.00', '1056.00', '58.67', '997.33'),
(2447, 1891, 2, '1226.00', '12.00', '1214.00', '67.44', '1146.56'),
(2447, 1910, 3, '951.00', '51.00', '900.00', '112.50', '787.50'),
(2447, 1955, 2, '779.00', '26.00', '753.00', '41.83', '711.17'),
(2447, 2001, 1, '1458.00', '92.00', '1366.00', '105.08', '1260.92'),
(2448, 1807, 3, '1214.00', '32.00', '1182.00', '69.53', '1112.47'),
(2448, 1819, 3, '1312.00', '89.00', '1223.00', '71.94', '1151.06'),
(2448, 1879, 1, '904.00', '42.00', '862.00', '71.83', '790.17'),
(2448, 1925, 2, '873.00', '68.00', '805.00', '67.08', '737.92'),
(2448, 1962, 1, '930.00', '87.00', '843.00', '52.69', '790.31'),
(2449, 1865, 2, '1082.00', '40.00', '1042.00', '86.83', '955.17'),
(2449, 1946, 2, '899.00', '30.00', '869.00', '79.00', '790.00'),
(2450, 1854, 2, '900.00', '30.00', '870.00', '87.00', '783.00'),
(2451, 1941, 3, '1062.00', '69.00', '993.00', '165.50', '827.50'),
(2451, 1995, 1, '585.00', '6.00', '579.00', '64.33', '514.67'),
(2452, 1818, 2, '967.00', '82.00', '885.00', '68.08', '816.92'),
(2452, 1868, 3, '1319.00', '92.00', '1227.00', '136.33', '1090.67'),
(2452, 1905, 1, '1073.00', '69.00', '1004.00', '125.50', '878.50'),
(2453, 1861, 2, '735.00', '36.00', '699.00', '36.79', '662.21'),
(2453, 1896, 2, '1249.00', '40.00', '1209.00', '86.36', '1122.64'),
(2453, 1906, 2, '987.00', '99.00', '888.00', '148.00', '740.00'),
(2454, 1828, 2, '1117.00', '44.00', '1073.00', '56.47', '1016.53'),
(2454, 1900, 3, '563.00', '53.00', '510.00', '51.00', '459.00'),
(2454, 1934, 2, '943.00', '56.00', '887.00', '110.88', '776.13'),
(2454, 1963, 3, '1465.00', '62.00', '1403.00', '82.53', '1320.47'),
(2455, 1859, 2, '888.00', '30.00', '858.00', '95.33', '762.67'),
(2455, 1922, 3, '786.00', '28.00', '758.00', '63.17', '694.83'),
(2455, 1925, 1, '873.00', '61.00', '812.00', '101.50', '710.50'),
(2456, 1869, 2, '647.00', '51.00', '596.00', '49.67', '546.33'),
(2456, 1887, 1, '904.00', '47.00', '857.00', '71.42', '785.58'),
(2456, 1892, 3, '780.00', '74.00', '706.00', '70.60', '635.40'),
(2456, 1898, 3, '1320.00', '27.00', '1293.00', '64.65', '1228.35'),
(2456, 1991, 3, '902.00', '79.00', '823.00', '82.30', '740.70'),
(2457, 1817, 3, '1362.00', '2.00', '1360.00', '97.14', '1262.86'),
(2457, 1842, 3, '932.00', '22.00', '910.00', '82.73', '827.27'),
(2457, 1957, 1, '1279.00', '12.00', '1267.00', '90.50', '1176.50'),
(2457, 1967, 3, '981.00', '89.00', '892.00', '74.33', '817.67'),
(2458, 1874, 3, '966.00', '15.00', '951.00', '50.05', '900.95'),
(2459, 1821, 1, '1136.00', '87.00', '1049.00', '174.83', '874.17'),
(2459, 1882, 1, '966.00', '75.00', '891.00', '148.50', '742.50'),
(2459, 1944, 1, '778.00', '1.00', '777.00', '40.89', '736.11'),
(2460, 1830, 2, '672.00', '19.00', '653.00', '43.53', '609.47'),
(2460, 1834, 1, '800.00', '96.00', '704.00', '140.80', '563.20'),
(2460, 1933, 1, '1221.00', '14.00', '1207.00', '134.11', '1072.89'),
(2460, 1999, 3, '1493.00', '9.00', '1484.00', '87.29', '1396.71'),
(2461, 1928, 3, '1305.00', '69.00', '1236.00', '112.36', '1123.64'),
(2462, 1808, 3, '504.00', '21.00', '483.00', '34.50', '448.50'),
(2462, 1884, 1, '937.00', '6.00', '931.00', '116.38', '814.63'),
(2462, 1894, 3, '1360.00', '30.00', '1330.00', '70.00', '1260.00'),
(2462, 1940, 2, '1171.00', '41.00', '1130.00', '113.00', '1017.00'),
(2462, 2002, 3, '938.00', '82.00', '856.00', '53.50', '802.50'),
(2463, 1806, 2, '973.00', '88.00', '885.00', '177.00', '708.00'),
(2463, 1810, 1, '1185.00', '77.00', '1108.00', '61.56', '1046.44'),
(2463, 1844, 2, '1464.00', '5.00', '1459.00', '97.27', '1361.73'),
(2463, 1881, 3, '1315.00', '71.00', '1244.00', '155.50', '1088.50'),
(2463, 1950, 1, '1316.00', '52.00', '1264.00', '126.40', '1137.60'),
(2464, 1854, 2, '900.00', '23.00', '877.00', '125.29', '751.71'),
(2464, 1936, 2, '1170.00', '2.00', '1168.00', '97.33', '1070.67'),
(2464, 1989, 3, '1320.00', '17.00', '1303.00', '108.58', '1194.42'),
(2465, 1866, 3, '1204.00', '53.00', '1151.00', '63.94', '1087.06'),
(2465, 1870, 1, '815.00', '53.00', '762.00', '40.11', '721.89'),
(2465, 1904, 2, '878.00', '24.00', '854.00', '61.00', '793.00'),
(2465, 1995, 1, '585.00', '75.00', '510.00', '46.36', '463.64'),
(2466, 1807, 2, '1214.00', '39.00', '1175.00', '65.28', '1109.72'),
(2466, 1827, 2, '1045.00', '4.00', '1041.00', '208.20', '832.80'),
(2466, 1846, 1, '707.00', '70.00', '637.00', '39.81', '597.19'),
(2466, 1876, 1, '1484.00', '43.00', '1441.00', '131.00', '1310.00'),
(2467, 1845, 1, '928.00', '4.00', '924.00', '184.80', '739.20'),
(2467, 1998, 1, '710.00', '44.00', '666.00', '60.55', '605.45'),
(2468, 1823, 3, '688.00', '98.00', '590.00', '65.56', '524.44'),
(2468, 1845, 3, '928.00', '17.00', '911.00', '56.94', '854.06'),
(2468, 1887, 2, '904.00', '6.00', '898.00', '49.89', '848.11'),
(2468, 1921, 3, '1217.00', '71.00', '1146.00', '88.15', '1057.85'),
(2468, 1946, 3, '899.00', '43.00', '856.00', '107.00', '749.00'),
(2469, 1833, 2, '761.00', '73.00', '688.00', '86.00', '602.00'),
(2469, 1863, 2, '1218.00', '82.00', '1136.00', '81.14', '1054.86'),
(2470, 1814, 1, '1063.00', '23.00', '1040.00', '173.33', '866.67'),
(2470, 1827, 3, '1045.00', '65.00', '980.00', '57.65', '922.35'),
(2470, 1842, 3, '932.00', '95.00', '837.00', '52.31', '784.69'),
(2470, 1964, 1, '1409.00', '9.00', '1400.00', '73.68', '1326.32'),
(2470, 1990, 1, '1382.00', '8.00', '1374.00', '274.80', '1099.20'),
(2471, 1840, 3, '1116.00', '45.00', '1071.00', '66.94', '1004.06'),
(2471, 1841, 1, '549.00', '83.00', '466.00', '35.85', '430.15'),
(2471, 1967, 2, '981.00', '35.00', '946.00', '63.07', '882.93'),
(2471, 1997, 3, '1218.00', '92.00', '1126.00', '102.36', '1023.64'),
(2472, 1864, 1, '953.00', '89.00', '864.00', '96.00', '768.00'),
(2473, 1864, 2, '953.00', '76.00', '877.00', '46.16', '830.84'),
(2474, 1848, 1, '917.00', '8.00', '909.00', '53.47', '855.53'),
(2474, 1893, 1, '1408.00', '4.00', '1404.00', '70.20', '1333.80'),
(2474, 1979, 2, '1483.00', '4.00', '1479.00', '184.88', '1294.13'),
(2475, 1819, 1, '1312.00', '44.00', '1268.00', '140.89', '1127.11'),
(2475, 1836, 2, '1365.00', '20.00', '1345.00', '79.12', '1265.88'),
(2475, 1846, 1, '707.00', '80.00', '627.00', '41.80', '585.20'),
(2476, 1808, 3, '504.00', '65.00', '439.00', '33.77', '405.23'),
(2476, 1848, 3, '917.00', '11.00', '906.00', '60.40', '845.60'),
(2476, 1870, 1, '815.00', '95.00', '720.00', '72.00', '648.00'),
(2476, 1990, 2, '1382.00', '20.00', '1362.00', '113.50', '1248.50'),
(2477, 1829, 3, '1385.00', '42.00', '1343.00', '95.93', '1247.07'),
(2478, 1917, 2, '650.00', '72.00', '578.00', '115.60', '462.40'),
(2478, 1949, 1, '1284.00', '66.00', '1218.00', '203.00', '1015.00'),
(2478, 1960, 1, '765.00', '100.00', '665.00', '73.89', '591.11'),
(2479, 1822, 1, '1429.00', '53.00', '1376.00', '196.57', '1179.43'),
(2479, 1857, 3, '1246.00', '16.00', '1230.00', '136.67', '1093.33'),
(2479, 1931, 3, '620.00', '76.00', '544.00', '77.71', '466.29'),
(2479, 1932, 2, '885.00', '50.00', '835.00', '104.38', '730.63'),
(2479, 1940, 1, '1171.00', '61.00', '1110.00', '85.38', '1024.62'),
(2480, 1816, 2, '1251.00', '24.00', '1227.00', '64.58', '1162.42'),
(2480, 1835, 2, '1058.00', '67.00', '991.00', '61.94', '929.06'),
(2480, 1876, 3, '1484.00', '92.00', '1392.00', '99.43', '1292.57'),
(2480, 1891, 1, '1226.00', '91.00', '1135.00', '162.14', '972.86'),
(2481, 1837, 1, '1188.00', '58.00', '1130.00', '56.50', '1073.50'),
(2481, 1997, 3, '1218.00', '54.00', '1164.00', '105.82', '1058.18'),
(2481, 1999, 1, '1493.00', '32.00', '1461.00', '112.38', '1348.62'),
(2481, 2000, 1, '727.00', '35.00', '692.00', '57.67', '634.33'),
(2482, 1826, 3, '841.00', '27.00', '814.00', '58.14', '755.86'),
(2482, 1863, 1, '1218.00', '39.00', '1179.00', '58.95', '1120.05'),
(2482, 1866, 2, '1204.00', '70.00', '1134.00', '87.23', '1046.77'),
(2482, 1876, 1, '1484.00', '58.00', '1426.00', '89.13', '1336.88'),
(2482, 1924, 2, '949.00', '83.00', '866.00', '50.94', '815.06'),
(2483, 1857, 1, '1246.00', '21.00', '1225.00', '122.50', '1102.50'),
(2483, 1884, 3, '937.00', '8.00', '929.00', '92.90', '836.10'),
(2483, 1906, 2, '987.00', '0.00', '987.00', '89.73', '897.27'),
(2484, 1889, 1, '1305.00', '45.00', '1260.00', '63.00', '1197.00'),
(2484, 1893, 2, '1408.00', '53.00', '1355.00', '112.92', '1242.08'),
(2484, 1941, 1, '1062.00', '60.00', '1002.00', '200.40', '801.60'),
(2485, 1876, 1, '1484.00', '93.00', '1391.00', '86.94', '1304.06'),
(2485, 1891, 1, '1226.00', '60.00', '1166.00', '64.78', '1101.22'),
(2485, 1917, 3, '650.00', '6.00', '644.00', '71.56', '572.44'),
(2485, 1970, 3, '1216.00', '56.00', '1160.00', '64.44', '1095.56'),
(2486, 1818, 3, '967.00', '56.00', '911.00', '45.55', '865.45'),
(2486, 1830, 1, '672.00', '40.00', '632.00', '57.45', '574.55'),
(2486, 1849, 1, '1233.00', '10.00', '1223.00', '67.94', '1155.06'),
(2487, 1931, 2, '620.00', '82.00', '538.00', '89.67', '448.33'),
(2488, 1974, 2, '930.00', '3.00', '927.00', '48.79', '878.21'),
(2489, 1916, 3, '769.00', '49.00', '720.00', '90.00', '630.00'),
(2489, 1923, 3, '1181.00', '24.00', '1157.00', '165.29', '991.71'),
(2490, 1806, 2, '973.00', '31.00', '942.00', '134.57', '807.43'),
(2490, 1889, 2, '1305.00', '40.00', '1265.00', '253.00', '1012.00'),
(2491, 1863, 3, '1218.00', '94.00', '1124.00', '59.16', '1064.84'),
(2491, 1907, 2, '1119.00', '79.00', '1040.00', '61.18', '978.82'),
(2491, 1925, 2, '873.00', '20.00', '853.00', '170.60', '682.40'),
(2492, 1811, 1, '584.00', '54.00', '530.00', '66.25', '463.75'),
(2492, 1850, 3, '620.00', '22.00', '598.00', '42.71', '555.29'),
(2492, 1856, 3, '1248.00', '18.00', '1230.00', '72.35', '1157.65'),
(2492, 1970, 2, '1216.00', '52.00', '1164.00', '61.26', '1102.74'),
(2492, 1987, 2, '877.00', '50.00', '827.00', '103.38', '723.63'),
(2493, 1869, 3, '647.00', '13.00', '634.00', '70.44', '563.56'),
(2493, 1893, 1, '1408.00', '51.00', '1357.00', '226.17', '1130.83'),
(2493, 1975, 2, '1013.00', '31.00', '982.00', '57.76', '924.24'),
(2493, 1986, 2, '1437.00', '26.00', '1411.00', '156.78', '1254.22'),
(2494, 1867, 1, '1418.00', '61.00', '1357.00', '113.08', '1243.92'),
(2494, 1909, 1, '1418.00', '39.00', '1379.00', '81.12', '1297.88'),
(2494, 1935, 2, '1467.00', '65.00', '1402.00', '175.25', '1226.75'),
(2495, 1839, 1, '1223.00', '7.00', '1216.00', '101.33', '1114.67'),
(2496, 1827, 3, '1045.00', '8.00', '1037.00', '69.13', '967.87'),
(2496, 1906, 2, '987.00', '61.00', '926.00', '102.89', '823.11'),
(2496, 1907, 2, '1119.00', '85.00', '1034.00', '73.86', '960.14'),
(2496, 1978, 3, '1266.00', '77.00', '1189.00', '169.86', '1019.14'),
(2497, 1835, 1, '1058.00', '42.00', '1016.00', '67.73', '948.27'),
(2497, 1901, 2, '1256.00', '11.00', '1245.00', '83.00', '1162.00'),
(2497, 1956, 2, '1359.00', '35.00', '1324.00', '77.88', '1246.12'),
(2498, 1845, 1, '928.00', '24.00', '904.00', '56.50', '847.50'),
(2498, 1866, 3, '1204.00', '11.00', '1193.00', '79.53', '1113.47'),
(2498, 1910, 2, '951.00', '63.00', '888.00', '126.86', '761.14'),
(2499, 1900, 3, '563.00', '5.00', '558.00', '55.80', '502.20'),
(2499, 1946, 1, '899.00', '51.00', '848.00', '65.23', '782.77'),
(2499, 1953, 2, '575.00', '59.00', '516.00', '39.69', '476.31'),
(2499, 1975, 1, '1013.00', '4.00', '1009.00', '53.11', '955.89'),
(2499, 1984, 2, '1010.00', '93.00', '917.00', '70.54', '846.46'),
(2500, 1913, 1, '964.00', '53.00', '911.00', '70.08', '840.92'),
(2501, 1830, 2, '672.00', '11.00', '661.00', '55.08', '605.92'),
(2501, 1887, 3, '904.00', '79.00', '825.00', '58.93', '766.07'),
(2501, 1969, 2, '1308.00', '36.00', '1272.00', '127.20', '1144.80'),
(2502, 1859, 2, '888.00', '100.00', '788.00', '98.50', '689.50'),
(2503, 1820, 1, '812.00', '76.00', '736.00', '66.91', '669.09'),
(2503, 1842, 2, '932.00', '17.00', '915.00', '57.19', '857.81'),
(2503, 1868, 1, '1319.00', '74.00', '1245.00', '155.63', '1089.38'),
(2503, 1973, 3, '869.00', '74.00', '795.00', '72.27', '722.73'),
(2504, 1927, 1, '1242.00', '93.00', '1149.00', '114.90', '1034.10'),
(2504, 1958, 2, '784.00', '77.00', '707.00', '88.38', '618.63'),
(2504, 1973, 1, '869.00', '23.00', '846.00', '44.53', '801.47'),
(2505, 1853, 2, '1436.00', '7.00', '1429.00', '95.27', '1333.73'),
(2505, 1881, 1, '1315.00', '76.00', '1239.00', '247.80', '991.20'),
(2505, 1927, 2, '1242.00', '70.00', '1172.00', '167.43', '1004.57'),
(2505, 1939, 1, '994.00', '24.00', '970.00', '194.00', '776.00'),
(2506, 1869, 1, '647.00', '79.00', '568.00', '71.00', '497.00'),
(2506, 1907, 2, '1119.00', '8.00', '1111.00', '85.46', '1025.54'),
(2506, 1967, 2, '981.00', '76.00', '905.00', '64.64', '840.36'),
(2507, 1842, 2, '932.00', '77.00', '855.00', '95.00', '760.00'),
(2507, 1850, 3, '620.00', '74.00', '546.00', '42.00', '504.00'),
(2507, 1875, 3, '983.00', '32.00', '951.00', '63.40', '887.60'),
(2507, 1988, 1, '507.00', '74.00', '433.00', '24.06', '408.94'),
(2508, 1817, 2, '1362.00', '94.00', '1268.00', '63.40', '1204.60'),
(2508, 1843, 1, '1315.00', '60.00', '1255.00', '89.64', '1165.36'),
(2508, 1996, 3, '685.00', '27.00', '658.00', '65.80', '592.20'),
(2509, 1861, 3, '735.00', '49.00', '686.00', '52.77', '633.23'),
(2509, 1944, 1, '778.00', '80.00', '698.00', '87.25', '610.75'),
(2509, 1998, 3, '710.00', '49.00', '661.00', '41.31', '619.69'),
(2510, 1951, 1, '843.00', '59.00', '784.00', '41.26', '742.74'),
(2511, 1812, 2, '1143.00', '88.00', '1055.00', '55.53', '999.47'),
(2511, 1817, 2, '1362.00', '20.00', '1342.00', '74.56', '1267.44'),
(2511, 1912, 2, '820.00', '0.00', '820.00', '54.67', '765.33');
INSERT INTO `orders_product` (`id_order`, `id_product`, `count`, `price`, `discount`, `final_price`, `profit`, `cost_price`) VALUES
(2511, 1959, 2, '711.00', '7.00', '704.00', '39.11', '664.89'),
(2512, 1861, 1, '735.00', '31.00', '704.00', '64.00', '640.00'),
(2513, 1853, 3, '1436.00', '41.00', '1395.00', '73.42', '1321.58'),
(2513, 2000, 2, '727.00', '27.00', '700.00', '77.78', '622.22'),
(2514, 1826, 2, '841.00', '85.00', '756.00', '54.00', '702.00'),
(2514, 1853, 3, '1436.00', '2.00', '1434.00', '89.63', '1344.38'),
(2514, 1938, 1, '1445.00', '29.00', '1416.00', '83.29', '1332.71'),
(2514, 1944, 2, '778.00', '76.00', '702.00', '78.00', '624.00'),
(2514, 1984, 3, '1010.00', '15.00', '995.00', '124.38', '870.63'),
(2515, 1806, 3, '973.00', '5.00', '968.00', '138.29', '829.71'),
(2515, 1878, 1, '1383.00', '24.00', '1359.00', '90.60', '1268.40'),
(2515, 1886, 3, '1411.00', '29.00', '1382.00', '276.40', '1105.60'),
(2515, 2000, 1, '727.00', '58.00', '669.00', '95.57', '573.43'),
(2516, 1919, 3, '1278.00', '27.00', '1251.00', '96.23', '1154.77'),
(2516, 1987, 3, '877.00', '62.00', '815.00', '135.83', '679.17'),
(2517, 1830, 3, '672.00', '81.00', '591.00', '59.10', '531.90'),
(2517, 1903, 3, '862.00', '66.00', '796.00', '159.20', '636.80'),
(2517, 1907, 2, '1119.00', '10.00', '1109.00', '79.21', '1029.79'),
(2518, 1917, 2, '650.00', '4.00', '646.00', '32.30', '613.70'),
(2519, 1806, 3, '973.00', '86.00', '887.00', '49.28', '837.72'),
(2519, 1810, 3, '1185.00', '35.00', '1150.00', '115.00', '1035.00'),
(2519, 1827, 2, '1045.00', '32.00', '1013.00', '112.56', '900.44'),
(2519, 1838, 1, '1393.00', '47.00', '1346.00', '192.29', '1153.71'),
(2519, 1919, 2, '1278.00', '34.00', '1244.00', '177.71', '1066.29'),
(2520, 1814, 3, '1063.00', '39.00', '1024.00', '53.89', '970.11'),
(2520, 1887, 1, '904.00', '26.00', '878.00', '146.33', '731.67'),
(2520, 1903, 3, '862.00', '16.00', '846.00', '42.30', '803.70'),
(2520, 1992, 3, '1303.00', '43.00', '1260.00', '78.75', '1181.25'),
(2521, 1867, 1, '1418.00', '46.00', '1372.00', '228.67', '1143.33'),
(2521, 1875, 1, '983.00', '11.00', '972.00', '88.36', '883.64'),
(2521, 1910, 2, '951.00', '0.00', '951.00', '52.83', '898.17'),
(2521, 1939, 2, '994.00', '26.00', '968.00', '138.29', '829.71'),
(2521, 2004, 2, '766.00', '64.00', '702.00', '58.50', '643.50'),
(2522, 1810, 2, '1185.00', '66.00', '1119.00', '62.17', '1056.83'),
(2522, 1813, 3, '1283.00', '2.00', '1281.00', '256.20', '1024.80'),
(2522, 1869, 3, '647.00', '86.00', '561.00', '51.00', '510.00'),
(2522, 1877, 2, '1046.00', '70.00', '976.00', '97.60', '878.40'),
(2522, 1983, 2, '764.00', '65.00', '699.00', '49.93', '649.07'),
(2523, 1893, 3, '1408.00', '97.00', '1311.00', '119.18', '1191.82'),
(2523, 1965, 2, '721.00', '11.00', '710.00', '35.50', '674.50'),
(2524, 1854, 1, '900.00', '69.00', '831.00', '59.36', '771.64'),
(2524, 1884, 1, '937.00', '41.00', '896.00', '99.56', '796.44'),
(2524, 1891, 1, '1226.00', '33.00', '1193.00', '59.65', '1133.35'),
(2524, 1953, 2, '575.00', '31.00', '544.00', '60.44', '483.56'),
(2524, 1955, 3, '779.00', '47.00', '732.00', '56.31', '675.69'),
(2525, 1821, 2, '1136.00', '84.00', '1052.00', '175.33', '876.67'),
(2525, 1885, 2, '719.00', '87.00', '632.00', '57.45', '574.55'),
(2525, 1946, 2, '899.00', '11.00', '888.00', '80.73', '807.27'),
(2526, 1889, 3, '1305.00', '1.00', '1304.00', '108.67', '1195.33'),
(2526, 1941, 2, '1062.00', '95.00', '967.00', '80.58', '886.42'),
(2527, 1917, 3, '650.00', '72.00', '578.00', '28.90', '549.10'),
(2527, 1976, 1, '543.00', '59.00', '484.00', '60.50', '423.50'),
(2528, 1897, 1, '1182.00', '95.00', '1087.00', '155.29', '931.71'),
(2528, 1920, 3, '942.00', '79.00', '863.00', '95.89', '767.11'),
(2528, 1935, 1, '1467.00', '27.00', '1440.00', '240.00', '1200.00'),
(2528, 1951, 3, '843.00', '5.00', '838.00', '104.75', '733.25'),
(2528, 1960, 1, '765.00', '10.00', '755.00', '68.64', '686.36'),
(2529, 1854, 3, '900.00', '81.00', '819.00', '58.50', '760.50'),
(2529, 1878, 1, '1383.00', '26.00', '1357.00', '75.39', '1281.61'),
(2529, 1907, 1, '1119.00', '53.00', '1066.00', '76.14', '989.86'),
(2529, 1932, 3, '885.00', '46.00', '839.00', '93.22', '745.78'),
(2530, 1948, 3, '871.00', '8.00', '863.00', '71.92', '791.08'),
(2531, 1896, 1, '1249.00', '9.00', '1240.00', '177.14', '1062.86'),
(2531, 1940, 1, '1171.00', '9.00', '1162.00', '166.00', '996.00'),
(2532, 1845, 2, '928.00', '90.00', '838.00', '41.90', '796.10'),
(2532, 1872, 2, '729.00', '12.00', '717.00', '51.21', '665.79'),
(2532, 1968, 3, '754.00', '80.00', '674.00', '84.25', '589.75'),
(2532, 1974, 3, '930.00', '43.00', '887.00', '147.83', '739.17'),
(2532, 1999, 1, '1493.00', '91.00', '1402.00', '140.20', '1261.80'),
(2533, 1816, 2, '1251.00', '65.00', '1186.00', '98.83', '1087.17'),
(2533, 1871, 1, '1156.00', '18.00', '1138.00', '142.25', '995.75'),
(2533, 1916, 3, '769.00', '24.00', '745.00', '82.78', '662.22'),
(2533, 1930, 2, '608.00', '88.00', '520.00', '104.00', '416.00'),
(2533, 1940, 1, '1171.00', '21.00', '1150.00', '76.67', '1073.33'),
(2534, 1809, 2, '1076.00', '42.00', '1034.00', '64.63', '969.38'),
(2534, 1818, 2, '967.00', '72.00', '895.00', '179.00', '716.00'),
(2534, 1857, 1, '1246.00', '21.00', '1225.00', '245.00', '980.00'),
(2534, 1884, 3, '937.00', '99.00', '838.00', '69.83', '768.17'),
(2534, 1928, 2, '1305.00', '73.00', '1232.00', '246.40', '985.60'),
(2535, 1880, 3, '1096.00', '0.00', '1096.00', '121.78', '974.22'),
(2535, 1887, 3, '904.00', '75.00', '829.00', '103.63', '725.38'),
(2535, 1924, 2, '949.00', '3.00', '946.00', '78.83', '867.17'),
(2535, 1941, 3, '1062.00', '87.00', '975.00', '54.17', '920.83'),
(2535, 1964, 3, '1409.00', '74.00', '1335.00', '78.53', '1256.47'),
(2536, 1910, 1, '951.00', '25.00', '926.00', '54.47', '871.53'),
(2536, 1911, 3, '859.00', '24.00', '835.00', '104.38', '730.63'),
(2537, 1816, 1, '1251.00', '4.00', '1247.00', '103.92', '1143.08'),
(2537, 1872, 2, '729.00', '23.00', '706.00', '50.43', '655.57'),
(2537, 1895, 3, '1213.00', '49.00', '1164.00', '97.00', '1067.00'),
(2537, 1992, 3, '1303.00', '100.00', '1203.00', '150.38', '1052.63'),
(2538, 1913, 3, '964.00', '56.00', '908.00', '129.71', '778.29'),
(2538, 1953, 2, '575.00', '93.00', '482.00', '32.13', '449.87'),
(2539, 1842, 2, '932.00', '62.00', '870.00', '72.50', '797.50'),
(2539, 1906, 3, '987.00', '58.00', '929.00', '103.22', '825.78'),
(2540, 1844, 2, '1464.00', '81.00', '1383.00', '106.38', '1276.62'),
(2541, 1832, 3, '1093.00', '40.00', '1053.00', '117.00', '936.00'),
(2541, 1887, 1, '904.00', '85.00', '819.00', '81.90', '737.10'),
(2542, 1889, 3, '1305.00', '38.00', '1267.00', '70.39', '1196.61'),
(2542, 1894, 3, '1360.00', '2.00', '1358.00', '104.46', '1253.54'),
(2543, 1877, 2, '1046.00', '12.00', '1034.00', '114.89', '919.11'),
(2543, 1884, 3, '937.00', '76.00', '861.00', '45.32', '815.68'),
(2543, 1893, 3, '1408.00', '76.00', '1332.00', '148.00', '1184.00'),
(2543, 1978, 1, '1266.00', '30.00', '1236.00', '82.40', '1153.60'),
(2544, 1891, 3, '1226.00', '80.00', '1146.00', '143.25', '1002.75'),
(2544, 1981, 3, '698.00', '87.00', '611.00', '76.38', '534.63'),
(2545, 2004, 3, '766.00', '35.00', '731.00', '81.22', '649.78'),
(2546, 1842, 2, '932.00', '17.00', '915.00', '183.00', '732.00'),
(2546, 1970, 1, '1216.00', '87.00', '1129.00', '70.56', '1058.44'),
(2547, 1814, 2, '1063.00', '14.00', '1049.00', '149.86', '899.14'),
(2547, 1904, 1, '878.00', '44.00', '834.00', '49.06', '784.94'),
(2548, 1836, 1, '1365.00', '4.00', '1361.00', '151.22', '1209.78'),
(2548, 1858, 1, '744.00', '79.00', '665.00', '51.15', '613.85'),
(2548, 1897, 1, '1182.00', '3.00', '1179.00', '107.18', '1071.82'),
(2549, 1860, 3, '785.00', '28.00', '757.00', '151.40', '605.60'),
(2549, 1936, 3, '1170.00', '62.00', '1108.00', '184.67', '923.33'),
(2550, 1810, 2, '1185.00', '7.00', '1178.00', '147.25', '1030.75'),
(2550, 1966, 2, '1029.00', '69.00', '960.00', '73.85', '886.15'),
(2551, 1860, 2, '785.00', '24.00', '761.00', '69.18', '691.82'),
(2551, 1929, 1, '1179.00', '22.00', '1157.00', '144.63', '1012.38'),
(2551, 1964, 2, '1409.00', '68.00', '1341.00', '223.50', '1117.50'),
(2552, 1960, 2, '765.00', '96.00', '669.00', '39.35', '629.65'),
(2553, 1860, 1, '785.00', '39.00', '746.00', '149.20', '596.80'),
(2553, 1938, 1, '1445.00', '74.00', '1371.00', '85.69', '1285.31'),
(2554, 1877, 3, '1046.00', '61.00', '985.00', '109.44', '875.56'),
(2554, 1930, 1, '608.00', '64.00', '544.00', '32.00', '512.00'),
(2554, 1941, 1, '1062.00', '46.00', '1016.00', '145.14', '870.86'),
(2554, 1962, 2, '930.00', '23.00', '907.00', '45.35', '861.65'),
(2554, 1971, 1, '650.00', '18.00', '632.00', '90.29', '541.71'),
(2555, 1827, 2, '1045.00', '23.00', '1022.00', '53.79', '968.21'),
(2555, 1846, 2, '707.00', '6.00', '701.00', '63.73', '637.27'),
(2555, 1852, 1, '1089.00', '57.00', '1032.00', '206.40', '825.60'),
(2555, 1954, 1, '607.00', '83.00', '524.00', '34.93', '489.07'),
(2556, 1971, 3, '650.00', '68.00', '582.00', '83.14', '498.86'),
(2557, 1916, 1, '769.00', '19.00', '750.00', '50.00', '700.00'),
(2557, 2000, 2, '727.00', '50.00', '677.00', '84.63', '592.38'),
(2558, 1860, 3, '785.00', '27.00', '758.00', '42.11', '715.89'),
(2558, 1930, 2, '608.00', '95.00', '513.00', '30.18', '482.82'),
(2558, 1932, 1, '885.00', '39.00', '846.00', '49.76', '796.24'),
(2558, 1952, 1, '1460.00', '38.00', '1422.00', '158.00', '1264.00'),
(2558, 1968, 1, '754.00', '9.00', '745.00', '37.25', '707.75'),
(2559, 1893, 3, '1408.00', '72.00', '1336.00', '148.44', '1187.56'),
(2559, 1945, 2, '1337.00', '96.00', '1241.00', '82.73', '1158.27'),
(2560, 1891, 1, '1226.00', '46.00', '1180.00', '118.00', '1062.00'),
(2560, 1904, 2, '878.00', '86.00', '792.00', '52.80', '739.20'),
(2560, 1979, 1, '1483.00', '87.00', '1396.00', '99.71', '1296.29'),
(2561, 1839, 3, '1223.00', '4.00', '1219.00', '110.82', '1108.18'),
(2561, 1897, 3, '1182.00', '2.00', '1180.00', '78.67', '1101.33'),
(2561, 1921, 3, '1217.00', '45.00', '1172.00', '195.33', '976.67'),
(2561, 1972, 1, '510.00', '75.00', '435.00', '24.17', '410.83'),
(2561, 1978, 2, '1266.00', '56.00', '1210.00', '121.00', '1089.00'),
(2562, 1813, 1, '1283.00', '40.00', '1243.00', '95.62', '1147.38'),
(2562, 1865, 1, '1082.00', '30.00', '1052.00', '131.50', '920.50'),
(2562, 1972, 2, '510.00', '13.00', '497.00', '55.22', '441.78'),
(2563, 1819, 2, '1312.00', '39.00', '1273.00', '90.93', '1182.07'),
(2563, 1880, 2, '1096.00', '63.00', '1033.00', '147.57', '885.43'),
(2564, 1824, 2, '1268.00', '17.00', '1251.00', '125.10', '1125.90'),
(2564, 1898, 2, '1320.00', '76.00', '1244.00', '124.40', '1119.60'),
(2565, 1822, 3, '1429.00', '12.00', '1417.00', '101.21', '1315.79'),
(2565, 1845, 2, '928.00', '52.00', '876.00', '48.67', '827.33'),
(2565, 1881, 1, '1315.00', '100.00', '1215.00', '86.79', '1128.21'),
(2565, 1962, 2, '930.00', '74.00', '856.00', '85.60', '770.40'),
(2565, 1992, 1, '1303.00', '24.00', '1279.00', '63.95', '1215.05'),
(2566, 1841, 3, '549.00', '86.00', '463.00', '46.30', '416.70'),
(2566, 1896, 3, '1249.00', '27.00', '1222.00', '101.83', '1120.17'),
(2566, 1919, 1, '1278.00', '86.00', '1192.00', '79.47', '1112.53'),
(2567, 1891, 2, '1226.00', '51.00', '1175.00', '83.93', '1091.07'),
(2567, 1921, 3, '1217.00', '37.00', '1180.00', '65.56', '1114.44'),
(2567, 1970, 2, '1216.00', '28.00', '1188.00', '108.00', '1080.00'),
(2568, 1814, 3, '1063.00', '83.00', '980.00', '196.00', '784.00'),
(2568, 1865, 2, '1082.00', '70.00', '1012.00', '53.26', '958.74'),
(2568, 1869, 1, '647.00', '19.00', '628.00', '57.09', '570.91'),
(2568, 1878, 1, '1383.00', '36.00', '1347.00', '192.43', '1154.57'),
(2569, 1812, 2, '1143.00', '25.00', '1118.00', '186.33', '931.67'),
(2569, 1818, 3, '967.00', '52.00', '915.00', '130.71', '784.29'),
(2569, 1835, 3, '1058.00', '100.00', '958.00', '159.67', '798.33'),
(2569, 1876, 1, '1484.00', '73.00', '1411.00', '117.58', '1293.42'),
(2570, 1814, 1, '1063.00', '50.00', '1013.00', '168.83', '844.17'),
(2570, 1876, 2, '1484.00', '25.00', '1459.00', '243.17', '1215.83'),
(2570, 1936, 2, '1170.00', '47.00', '1123.00', '74.87', '1048.13'),
(2571, 1858, 3, '744.00', '61.00', '683.00', '52.54', '630.46'),
(2571, 1913, 1, '964.00', '13.00', '951.00', '79.25', '871.75'),
(2571, 2001, 1, '1458.00', '6.00', '1452.00', '161.33', '1290.67'),
(2572, 1872, 3, '729.00', '15.00', '714.00', '89.25', '624.75'),
(2572, 1906, 2, '987.00', '63.00', '924.00', '51.33', '872.67'),
(2572, 1945, 3, '1337.00', '21.00', '1316.00', '101.23', '1214.77'),
(2572, 1974, 1, '930.00', '92.00', '838.00', '46.56', '791.44'),
(2573, 1814, 2, '1063.00', '65.00', '998.00', '110.89', '887.11'),
(2573, 1875, 1, '983.00', '66.00', '917.00', '50.94', '866.06'),
(2574, 1823, 2, '688.00', '93.00', '595.00', '49.58', '545.42'),
(2574, 1850, 3, '620.00', '71.00', '549.00', '42.23', '506.77'),
(2574, 1920, 3, '942.00', '22.00', '920.00', '65.71', '854.29'),
(2574, 1927, 1, '1242.00', '56.00', '1186.00', '237.20', '948.80'),
(2574, 2000, 2, '727.00', '61.00', '666.00', '55.50', '610.50'),
(2575, 1817, 2, '1362.00', '98.00', '1264.00', '105.33', '1158.67'),
(2575, 1821, 2, '1136.00', '27.00', '1109.00', '61.61', '1047.39'),
(2575, 1947, 2, '885.00', '11.00', '874.00', '79.45', '794.55'),
(2575, 1983, 1, '764.00', '93.00', '671.00', '55.92', '615.08'),
(2575, 1987, 1, '877.00', '97.00', '780.00', '48.75', '731.25'),
(2576, 1855, 2, '1244.00', '43.00', '1201.00', '92.38', '1108.62'),
(2576, 1934, 2, '943.00', '97.00', '846.00', '65.08', '780.92'),
(2576, 1996, 1, '685.00', '6.00', '679.00', '84.88', '594.13'),
(2577, 1867, 1, '1418.00', '20.00', '1398.00', '199.71', '1198.29'),
(2577, 1880, 1, '1096.00', '15.00', '1081.00', '135.13', '945.88'),
(2577, 1890, 1, '1011.00', '55.00', '956.00', '119.50', '836.50'),
(2577, 1920, 1, '942.00', '82.00', '860.00', '66.15', '793.85'),
(2577, 1950, 3, '1316.00', '55.00', '1261.00', '78.81', '1182.19'),
(2578, 1855, 3, '1244.00', '48.00', '1196.00', '74.75', '1121.25'),
(2578, 1930, 2, '608.00', '10.00', '598.00', '31.47', '566.53'),
(2578, 1940, 2, '1171.00', '41.00', '1130.00', '70.63', '1059.38'),
(2578, 1946, 1, '899.00', '5.00', '894.00', '99.33', '794.67'),
(2578, 1979, 1, '1483.00', '44.00', '1439.00', '95.93', '1343.07'),
(2579, 1813, 2, '1283.00', '21.00', '1262.00', '78.88', '1183.13'),
(2579, 1845, 2, '928.00', '21.00', '907.00', '82.45', '824.55'),
(2579, 1957, 3, '1279.00', '52.00', '1227.00', '64.58', '1162.42'),
(2579, 1967, 3, '981.00', '10.00', '971.00', '69.36', '901.64'),
(2580, 1874, 1, '966.00', '4.00', '962.00', '68.71', '893.29'),
(2580, 1877, 3, '1046.00', '41.00', '1005.00', '59.12', '945.88'),
(2580, 1962, 3, '930.00', '74.00', '856.00', '61.14', '794.86'),
(2581, 1986, 2, '1437.00', '32.00', '1405.00', '200.71', '1204.29'),
(2582, 1828, 1, '1117.00', '27.00', '1090.00', '121.11', '968.89'),
(2582, 1915, 1, '1234.00', '38.00', '1196.00', '62.95', '1133.05'),
(2583, 1872, 2, '729.00', '9.00', '720.00', '42.35', '677.65'),
(2583, 1909, 3, '1418.00', '83.00', '1335.00', '133.50', '1201.50'),
(2583, 1972, 2, '510.00', '51.00', '459.00', '65.57', '393.43'),
(2583, 1995, 3, '585.00', '92.00', '493.00', '41.08', '451.92'),
(2583, 2001, 2, '1458.00', '71.00', '1387.00', '99.07', '1287.93'),
(2584, 1809, 2, '1076.00', '0.00', '1076.00', '71.73', '1004.27'),
(2584, 1846, 3, '707.00', '86.00', '621.00', '51.75', '569.25'),
(2585, 1955, 1, '779.00', '100.00', '679.00', '39.94', '639.06'),
(2586, 1942, 2, '1311.00', '89.00', '1222.00', '64.32', '1157.68'),
(2587, 1865, 1, '1082.00', '42.00', '1040.00', '208.00', '832.00'),
(2587, 1869, 2, '647.00', '33.00', '614.00', '76.75', '537.25'),
(2587, 1959, 2, '711.00', '48.00', '663.00', '110.50', '552.50'),
(2587, 1995, 1, '585.00', '33.00', '552.00', '61.33', '490.67'),
(2588, 1890, 1, '1011.00', '68.00', '943.00', '52.39', '890.61'),
(2588, 1912, 1, '820.00', '20.00', '800.00', '50.00', '750.00'),
(2588, 1920, 2, '942.00', '5.00', '937.00', '78.08', '858.92'),
(2589, 1964, 2, '1409.00', '42.00', '1367.00', '71.95', '1295.05'),
(2589, 1985, 3, '756.00', '78.00', '678.00', '35.68', '642.32'),
(2590, 1911, 1, '859.00', '66.00', '793.00', '52.87', '740.13'),
(2590, 1913, 2, '964.00', '9.00', '955.00', '106.11', '848.89'),
(2590, 1961, 1, '1083.00', '38.00', '1045.00', '116.11', '928.89'),
(2590, 2001, 1, '1458.00', '84.00', '1374.00', '85.88', '1288.13'),
(2591, 1813, 3, '1283.00', '11.00', '1272.00', '63.60', '1208.40'),
(2591, 1927, 1, '1242.00', '61.00', '1181.00', '118.10', '1062.90'),
(2591, 1933, 1, '1221.00', '32.00', '1189.00', '108.09', '1080.91'),
(2591, 1948, 1, '871.00', '41.00', '830.00', '75.45', '754.55'),
(2592, 1874, 2, '966.00', '26.00', '940.00', '47.00', '893.00'),
(2592, 1895, 1, '1213.00', '84.00', '1129.00', '125.44', '1003.56'),
(2592, 1904, 3, '878.00', '30.00', '848.00', '65.23', '782.77'),
(2592, 1963, 1, '1465.00', '35.00', '1430.00', '71.50', '1358.50'),
(2592, 1987, 3, '877.00', '37.00', '840.00', '84.00', '756.00'),
(2593, 1815, 1, '1182.00', '34.00', '1148.00', '57.40', '1090.60'),
(2593, 1827, 1, '1045.00', '62.00', '983.00', '61.44', '921.56'),
(2593, 1829, 3, '1385.00', '87.00', '1298.00', '99.85', '1198.15'),
(2593, 1991, 1, '902.00', '59.00', '843.00', '168.60', '674.40'),
(2594, 1845, 1, '928.00', '38.00', '890.00', '148.33', '741.67'),
(2594, 1928, 1, '1305.00', '81.00', '1224.00', '87.43', '1136.57'),
(2594, 1942, 2, '1311.00', '93.00', '1218.00', '60.90', '1157.10'),
(2595, 1894, 2, '1360.00', '10.00', '1350.00', '103.85', '1246.15'),
(2595, 1899, 3, '888.00', '11.00', '877.00', '97.44', '779.56'),
(2595, 1900, 3, '563.00', '68.00', '495.00', '30.94', '464.06'),
(2595, 1945, 3, '1337.00', '21.00', '1316.00', '94.00', '1222.00'),
(2595, 1958, 3, '784.00', '29.00', '755.00', '75.50', '679.50'),
(2596, 1909, 2, '1418.00', '89.00', '1329.00', '94.93', '1234.07'),
(2596, 1964, 2, '1409.00', '42.00', '1367.00', '80.41', '1286.59'),
(2596, 1967, 3, '981.00', '40.00', '941.00', '67.21', '873.79'),
(2596, 1994, 3, '1367.00', '39.00', '1328.00', '94.86', '1233.14'),
(2597, 1933, 3, '1221.00', '42.00', '1179.00', '84.21', '1094.79'),
(2598, 1888, 2, '1080.00', '84.00', '996.00', '124.50', '871.50'),
(2598, 1905, 2, '1073.00', '39.00', '1034.00', '172.33', '861.67'),
(2598, 1963, 1, '1465.00', '64.00', '1401.00', '87.56', '1313.44'),
(2598, 1996, 1, '685.00', '66.00', '619.00', '34.39', '584.61'),
(2599, 1923, 2, '1181.00', '39.00', '1142.00', '57.10', '1084.90'),
(2599, 1945, 2, '1337.00', '7.00', '1330.00', '73.89', '1256.11'),
(2600, 1826, 3, '841.00', '20.00', '821.00', '74.64', '746.36'),
(2600, 1870, 3, '815.00', '50.00', '765.00', '42.50', '722.50'),
(2600, 1962, 2, '930.00', '38.00', '892.00', '63.71', '828.29'),
(2600, 1966, 2, '1029.00', '42.00', '987.00', '89.73', '897.27'),
(2601, 1953, 1, '575.00', '16.00', '559.00', '50.82', '508.18'),
(2601, 1957, 2, '1279.00', '2.00', '1277.00', '85.13', '1191.87'),
(2602, 1854, 1, '900.00', '54.00', '846.00', '44.53', '801.47'),
(2602, 1865, 3, '1082.00', '21.00', '1061.00', '132.63', '928.38'),
(2602, 1885, 3, '719.00', '71.00', '648.00', '46.29', '601.71'),
(2602, 1924, 1, '949.00', '43.00', '906.00', '64.71', '841.29'),
(2603, 1835, 2, '1058.00', '3.00', '1055.00', '175.83', '879.17'),
(2603, 1876, 1, '1484.00', '72.00', '1412.00', '156.89', '1255.11'),
(2603, 1966, 2, '1029.00', '35.00', '994.00', '82.83', '911.17'),
(2603, 1973, 3, '869.00', '87.00', '782.00', '60.15', '721.85'),
(2603, 2002, 2, '938.00', '83.00', '855.00', '45.00', '810.00'),
(2604, 1818, 1, '967.00', '11.00', '956.00', '95.60', '860.40'),
(2605, 1930, 2, '608.00', '81.00', '527.00', '27.74', '499.26'),
(2605, 1962, 1, '930.00', '62.00', '868.00', '66.77', '801.23'),
(2606, 1833, 1, '761.00', '88.00', '673.00', '134.60', '538.40'),
(2606, 1923, 3, '1181.00', '5.00', '1176.00', '106.91', '1069.09'),
(2606, 1947, 1, '885.00', '21.00', '864.00', '78.55', '785.45'),
(2607, 1851, 2, '823.00', '3.00', '820.00', '117.14', '702.86'),
(2607, 1890, 2, '1011.00', '23.00', '988.00', '141.14', '846.86'),
(2608, 1841, 3, '549.00', '25.00', '524.00', '47.64', '476.36'),
(2608, 1854, 2, '900.00', '94.00', '806.00', '53.73', '752.27'),
(2608, 1887, 3, '904.00', '31.00', '873.00', '72.75', '800.25'),
(2608, 1958, 1, '784.00', '80.00', '704.00', '88.00', '616.00'),
(2609, 1817, 2, '1362.00', '9.00', '1353.00', '270.60', '1082.40'),
(2609, 1881, 2, '1315.00', '1.00', '1314.00', '93.86', '1220.14'),
(2609, 1901, 3, '1256.00', '33.00', '1223.00', '203.83', '1019.17'),
(2609, 1909, 1, '1418.00', '90.00', '1328.00', '83.00', '1245.00'),
(2609, 2000, 1, '727.00', '99.00', '628.00', '104.67', '523.33'),
(2610, 1831, 2, '1263.00', '62.00', '1201.00', '171.57', '1029.43'),
(2610, 1865, 1, '1082.00', '67.00', '1015.00', '50.75', '964.25'),
(2610, 1905, 1, '1073.00', '22.00', '1051.00', '61.82', '989.18'),
(2610, 1927, 1, '1242.00', '41.00', '1201.00', '200.17', '1000.83'),
(2610, 1996, 3, '685.00', '1.00', '684.00', '57.00', '627.00'),
(2611, 1853, 1, '1436.00', '84.00', '1352.00', '169.00', '1183.00'),
(2611, 1870, 3, '815.00', '74.00', '741.00', '39.00', '702.00'),
(2611, 1932, 3, '885.00', '43.00', '842.00', '76.55', '765.45'),
(2611, 1960, 2, '765.00', '79.00', '686.00', '49.00', '637.00'),
(2612, 1819, 3, '1312.00', '57.00', '1255.00', '209.17', '1045.83'),
(2612, 1867, 1, '1418.00', '18.00', '1400.00', '93.33', '1306.67'),
(2612, 1947, 3, '885.00', '98.00', '787.00', '46.29', '740.71'),
(2612, 2000, 2, '727.00', '30.00', '697.00', '69.70', '627.30'),
(2612, 2001, 3, '1458.00', '9.00', '1449.00', '144.90', '1304.10'),
(2613, 1853, 3, '1436.00', '29.00', '1407.00', '70.35', '1336.65'),
(2613, 1867, 1, '1418.00', '43.00', '1375.00', '98.21', '1276.79'),
(2613, 1967, 2, '981.00', '76.00', '905.00', '53.24', '851.76'),
(2613, 1982, 2, '815.00', '98.00', '717.00', '119.50', '597.50'),
(2613, 1998, 2, '710.00', '32.00', '678.00', '84.75', '593.25'),
(2614, 1811, 2, '584.00', '6.00', '578.00', '57.80', '520.20'),
(2614, 1815, 1, '1182.00', '18.00', '1164.00', '83.14', '1080.86'),
(2614, 1940, 2, '1171.00', '46.00', '1125.00', '56.25', '1068.75'),
(2614, 2002, 2, '938.00', '0.00', '938.00', '117.25', '820.75'),
(2615, 1886, 3, '1411.00', '65.00', '1346.00', '192.29', '1153.71'),
(2615, 1890, 3, '1011.00', '24.00', '987.00', '82.25', '904.75'),
(2615, 1938, 2, '1445.00', '93.00', '1352.00', '75.11', '1276.89'),
(2615, 1993, 1, '1390.00', '16.00', '1374.00', '137.40', '1236.60'),
(2615, 2004, 2, '766.00', '54.00', '712.00', '89.00', '623.00'),
(2616, 1846, 1, '707.00', '27.00', '680.00', '35.79', '644.21'),
(2617, 1829, 1, '1385.00', '56.00', '1329.00', '66.45', '1262.55'),
(2617, 1909, 3, '1418.00', '25.00', '1393.00', '92.87', '1300.13'),
(2617, 1984, 2, '1010.00', '2.00', '1008.00', '144.00', '864.00'),
(2617, 2000, 1, '727.00', '13.00', '714.00', '102.00', '612.00'),
(2618, 1820, 2, '812.00', '26.00', '786.00', '78.60', '707.40'),
(2618, 1851, 2, '823.00', '93.00', '730.00', '45.63', '684.38'),
(2618, 1996, 1, '685.00', '89.00', '596.00', '99.33', '496.67'),
(2619, 1923, 2, '1181.00', '16.00', '1165.00', '77.67', '1087.33'),
(2620, 1863, 2, '1218.00', '76.00', '1142.00', '114.20', '1027.80'),
(2620, 1876, 1, '1484.00', '42.00', '1442.00', '180.25', '1261.75'),
(2620, 1929, 2, '1179.00', '0.00', '1179.00', '235.80', '943.20'),
(2621, 1807, 3, '1214.00', '67.00', '1147.00', '143.38', '1003.63'),
(2621, 1823, 3, '688.00', '61.00', '627.00', '39.19', '587.81'),
(2621, 1947, 3, '885.00', '54.00', '831.00', '138.50', '692.50'),
(2621, 1955, 3, '779.00', '19.00', '760.00', '126.67', '633.33'),
(2622, 1844, 1, '1464.00', '77.00', '1387.00', '115.58', '1271.42'),
(2622, 1999, 2, '1493.00', '41.00', '1452.00', '90.75', '1361.25'),
(2622, 2005, 3, '1136.00', '15.00', '1121.00', '124.56', '996.44'),
(2623, 1983, 1, '764.00', '20.00', '744.00', '53.14', '690.86'),
(2624, 1812, 2, '1143.00', '60.00', '1083.00', '108.30', '974.70'),
(2624, 1825, 3, '1023.00', '0.00', '1023.00', '170.50', '852.50'),
(2624, 1917, 3, '650.00', '11.00', '639.00', '79.88', '559.13'),
(2624, 1980, 1, '886.00', '47.00', '839.00', '55.93', '783.07'),
(2625, 1806, 3, '973.00', '67.00', '906.00', '45.30', '860.70'),
(2626, 1863, 2, '1218.00', '13.00', '1205.00', '92.69', '1112.31'),
(2627, 1824, 3, '1268.00', '0.00', '1268.00', '211.33', '1056.67'),
(2627, 1940, 3, '1171.00', '97.00', '1074.00', '153.43', '920.57'),
(2627, 1960, 2, '765.00', '35.00', '730.00', '52.14', '677.86'),
(2628, 1882, 1, '966.00', '93.00', '873.00', '124.71', '748.29'),
(2628, 1894, 2, '1360.00', '75.00', '1285.00', '160.63', '1124.38'),
(2628, 1950, 2, '1316.00', '76.00', '1240.00', '95.38', '1144.62'),
(2629, 1884, 3, '937.00', '3.00', '934.00', '62.27', '871.73'),
(2630, 1900, 2, '563.00', '62.00', '501.00', '62.63', '438.38'),
(2630, 1962, 2, '930.00', '19.00', '911.00', '130.14', '780.86'),
(2631, 1891, 2, '1226.00', '96.00', '1130.00', '56.50', '1073.50'),
(2631, 1920, 1, '942.00', '98.00', '844.00', '140.67', '703.33'),
(2631, 1969, 1, '1308.00', '52.00', '1256.00', '96.62', '1159.38'),
(2631, 1992, 2, '1303.00', '19.00', '1284.00', '91.71', '1192.29'),
(2632, 1985, 2, '756.00', '1.00', '755.00', '107.86', '647.14'),
(2633, 1848, 3, '917.00', '55.00', '862.00', '50.71', '811.29'),
(2633, 1953, 1, '575.00', '16.00', '559.00', '111.80', '447.20'),
(2633, 1977, 2, '1349.00', '21.00', '1328.00', '83.00', '1245.00'),
(2633, 1994, 1, '1367.00', '38.00', '1329.00', '166.13', '1162.88'),
(2634, 1814, 2, '1063.00', '29.00', '1034.00', '57.44', '976.56'),
(2634, 1852, 3, '1089.00', '76.00', '1013.00', '67.53', '945.47'),
(2634, 1964, 3, '1409.00', '82.00', '1327.00', '221.17', '1105.83'),
(2635, 1888, 3, '1080.00', '81.00', '999.00', '76.85', '922.15'),
(2636, 1840, 3, '1116.00', '91.00', '1025.00', '146.43', '878.57'),
(2636, 1960, 1, '765.00', '59.00', '706.00', '117.67', '588.33'),
(2636, 1964, 3, '1409.00', '77.00', '1332.00', '95.14', '1236.86'),
(2636, 1992, 1, '1303.00', '42.00', '1261.00', '140.11', '1120.89'),
(2637, 1861, 2, '735.00', '5.00', '730.00', '40.56', '689.44'),
(2637, 1898, 1, '1320.00', '30.00', '1290.00', '161.25', '1128.75'),
(2637, 1932, 2, '885.00', '72.00', '813.00', '81.30', '731.70'),
(2637, 1970, 2, '1216.00', '58.00', '1158.00', '115.80', '1042.20'),
(2637, 1983, 1, '764.00', '30.00', '734.00', '56.46', '677.54'),
(2638, 1950, 1, '1316.00', '22.00', '1294.00', '258.80', '1035.20'),
(2638, 1956, 1, '1359.00', '4.00', '1355.00', '193.57', '1161.43'),
(2639, 1887, 2, '904.00', '90.00', '814.00', '40.70', '773.30'),
(2639, 1895, 2, '1213.00', '16.00', '1197.00', '119.70', '1077.30'),
(2639, 1903, 1, '862.00', '57.00', '805.00', '53.67', '751.33'),
(2639, 1991, 3, '902.00', '47.00', '855.00', '47.50', '807.50'),
(2640, 1873, 2, '1394.00', '8.00', '1386.00', '106.62', '1279.38'),
(2641, 1846, 2, '707.00', '26.00', '681.00', '52.38', '628.62'),
(2641, 1959, 3, '711.00', '60.00', '651.00', '38.29', '612.71'),
(2641, 1997, 2, '1218.00', '35.00', '1183.00', '236.60', '946.40'),
(2642, 1833, 2, '761.00', '69.00', '692.00', '34.60', '657.40'),
(2642, 1928, 2, '1305.00', '41.00', '1264.00', '74.35', '1189.65'),
(2642, 1962, 2, '930.00', '45.00', '885.00', '52.06', '832.94'),
(2643, 1813, 2, '1283.00', '33.00', '1250.00', '73.53', '1176.47'),
(2643, 1934, 3, '943.00', '14.00', '929.00', '77.42', '851.58'),
(2643, 1982, 2, '815.00', '39.00', '776.00', '48.50', '727.50'),
(2643, 1990, 3, '1382.00', '99.00', '1283.00', '80.19', '1202.81'),
(2644, 1851, 3, '823.00', '54.00', '769.00', '54.93', '714.07'),
(2644, 1916, 2, '769.00', '51.00', '718.00', '51.29', '666.71'),
(2644, 1927, 2, '1242.00', '49.00', '1193.00', '62.79', '1130.21'),
(2644, 1945, 1, '1337.00', '68.00', '1269.00', '105.75', '1163.25'),
(2645, 1835, 1, '1058.00', '71.00', '987.00', '54.83', '932.17'),
(2645, 1870, 1, '815.00', '96.00', '719.00', '102.71', '616.29'),
(2645, 1925, 3, '873.00', '25.00', '848.00', '44.63', '803.37'),
(2645, 1950, 1, '1316.00', '83.00', '1233.00', '82.20', '1150.80'),
(2645, 1955, 2, '779.00', '23.00', '756.00', '50.40', '705.60'),
(2646, 1828, 2, '1117.00', '67.00', '1050.00', '116.67', '933.33'),
(2646, 1884, 3, '937.00', '66.00', '871.00', '58.07', '812.93'),
(2646, 1905, 1, '1073.00', '16.00', '1057.00', '88.08', '968.92'),
(2646, 1957, 2, '1279.00', '78.00', '1201.00', '85.79', '1115.21'),
(2646, 2001, 1, '1458.00', '26.00', '1432.00', '286.40', '1145.60'),
(2647, 1833, 2, '761.00', '66.00', '695.00', '63.18', '631.82'),
(2647, 1897, 3, '1182.00', '39.00', '1143.00', '57.15', '1085.85'),
(2647, 1975, 1, '1013.00', '40.00', '973.00', '48.65', '924.35'),
(2647, 1995, 1, '585.00', '16.00', '569.00', '113.80', '455.20'),
(2648, 1847, 2, '1415.00', '21.00', '1394.00', '116.17', '1277.83'),
(2648, 1955, 3, '779.00', '35.00', '744.00', '82.67', '661.33'),
(2649, 1982, 3, '815.00', '71.00', '744.00', '148.80', '595.20'),
(2650, 1878, 1, '1383.00', '91.00', '1292.00', '86.13', '1205.87'),
(2651, 1827, 2, '1045.00', '95.00', '950.00', '47.50', '902.50'),
(2651, 1900, 1, '563.00', '63.00', '500.00', '31.25', '468.75'),
(2651, 1903, 3, '862.00', '23.00', '839.00', '76.27', '762.73'),
(2651, 1913, 1, '964.00', '31.00', '933.00', '58.31', '874.69'),
(2652, 1810, 1, '1185.00', '82.00', '1103.00', '220.60', '882.40'),
(2652, 1982, 3, '815.00', '3.00', '812.00', '50.75', '761.25'),
(2653, 1904, 3, '878.00', '22.00', '856.00', '65.85', '790.15'),
(2653, 1969, 3, '1308.00', '3.00', '1305.00', '130.50', '1174.50'),
(2653, 1983, 2, '764.00', '60.00', '704.00', '46.93', '657.07'),
(2653, 1998, 3, '710.00', '49.00', '661.00', '38.88', '622.12'),
(2654, 1832, 1, '1093.00', '60.00', '1033.00', '51.65', '981.35'),
(2654, 1957, 2, '1279.00', '62.00', '1217.00', '173.86', '1043.14'),
(2655, 1849, 2, '1233.00', '5.00', '1228.00', '72.24', '1155.76'),
(2655, 1866, 2, '1204.00', '40.00', '1164.00', '61.26', '1102.74'),
(2655, 1992, 2, '1303.00', '95.00', '1208.00', '134.22', '1073.78'),
(2655, 2000, 2, '727.00', '46.00', '681.00', '42.56', '638.44'),
(2656, 1831, 1, '1263.00', '47.00', '1216.00', '64.00', '1152.00'),
(2656, 1848, 1, '917.00', '85.00', '832.00', '138.67', '693.33'),
(2656, 1876, 1, '1484.00', '46.00', '1438.00', '110.62', '1327.38'),
(2656, 1916, 2, '769.00', '69.00', '700.00', '77.78', '622.22'),
(2656, 1959, 1, '711.00', '65.00', '646.00', '38.00', '608.00'),
(2657, 1815, 2, '1182.00', '71.00', '1111.00', '92.58', '1018.42'),
(2657, 1843, 1, '1315.00', '29.00', '1286.00', '214.33', '1071.67'),
(2658, 1808, 2, '504.00', '49.00', '455.00', '26.76', '428.24'),
(2659, 1838, 3, '1393.00', '12.00', '1381.00', '98.64', '1282.36'),
(2659, 1905, 1, '1073.00', '93.00', '980.00', '49.00', '931.00'),
(2660, 1977, 1, '1349.00', '44.00', '1305.00', '87.00', '1218.00'),
(2661, 1854, 3, '900.00', '61.00', '839.00', '41.95', '797.05'),
(2661, 1883, 2, '732.00', '91.00', '641.00', '128.20', '512.80'),
(2661, 1966, 3, '1029.00', '27.00', '1002.00', '125.25', '876.75'),
(2662, 1815, 2, '1182.00', '38.00', '1144.00', '71.50', '1072.50'),
(2662, 1818, 2, '967.00', '92.00', '875.00', '109.38', '765.63'),
(2662, 1899, 1, '888.00', '76.00', '812.00', '42.74', '769.26'),
(2663, 1942, 1, '1311.00', '95.00', '1216.00', '243.20', '972.80'),
(2663, 1971, 1, '650.00', '60.00', '590.00', '31.05', '558.95'),
(2664, 1884, 1, '937.00', '16.00', '921.00', '70.85', '850.15'),
(2664, 1929, 2, '1179.00', '74.00', '1105.00', '65.00', '1040.00'),
(2665, 1908, 2, '1311.00', '56.00', '1255.00', '114.09', '1140.91'),
(2665, 1910, 2, '951.00', '47.00', '904.00', '60.27', '843.73'),
(2665, 1974, 1, '930.00', '57.00', '873.00', '67.15', '805.85'),
(2666, 1831, 2, '1263.00', '87.00', '1176.00', '73.50', '1102.50'),
(2666, 1879, 2, '904.00', '60.00', '844.00', '70.33', '773.67'),
(2666, 1890, 2, '1011.00', '72.00', '939.00', '72.23', '866.77'),
(2666, 2003, 3, '1079.00', '12.00', '1067.00', '133.38', '933.63'),
(2667, 1809, 3, '1076.00', '43.00', '1033.00', '54.37', '978.63'),
(2668, 1871, 3, '1156.00', '19.00', '1137.00', '66.88', '1070.12'),
(2668, 1878, 2, '1383.00', '72.00', '1311.00', '72.83', '1238.17'),
(2668, 1903, 1, '862.00', '64.00', '798.00', '44.33', '753.67'),
(2668, 1920, 1, '942.00', '71.00', '871.00', '45.84', '825.16'),
(2669, 1829, 2, '1385.00', '63.00', '1322.00', '82.63', '1239.38'),
(2669, 1974, 2, '930.00', '6.00', '924.00', '66.00', '858.00'),
(2670, 1832, 1, '1093.00', '58.00', '1035.00', '69.00', '966.00'),
(2670, 1860, 2, '785.00', '15.00', '770.00', '45.29', '724.71'),
(2670, 1992, 3, '1303.00', '86.00', '1217.00', '121.70', '1095.30'),
(2671, 1835, 1, '1058.00', '34.00', '1024.00', '85.33', '938.67'),
(2672, 1950, 3, '1316.00', '96.00', '1220.00', '93.85', '1126.15'),
(2672, 1971, 2, '650.00', '44.00', '606.00', '43.29', '562.71'),
(2673, 1829, 2, '1385.00', '93.00', '1292.00', '99.38', '1192.62'),
(2673, 1835, 2, '1058.00', '91.00', '967.00', '120.88', '846.13'),
(2673, 1996, 1, '685.00', '30.00', '655.00', '34.47', '620.53'),
(2674, 1900, 1, '563.00', '47.00', '516.00', '30.35', '485.65'),
(2675, 1907, 3, '1119.00', '98.00', '1021.00', '51.05', '969.95'),
(2676, 1831, 3, '1263.00', '11.00', '1252.00', '178.86', '1073.14'),
(2676, 1920, 1, '942.00', '18.00', '924.00', '61.60', '862.40'),
(2677, 1815, 2, '1182.00', '55.00', '1127.00', '62.61', '1064.39'),
(2677, 1847, 3, '1415.00', '95.00', '1320.00', '132.00', '1188.00'),
(2677, 1876, 1, '1484.00', '64.00', '1420.00', '129.09', '1290.91'),
(2677, 2003, 2, '1079.00', '4.00', '1075.00', '56.58', '1018.42'),
(2678, 1928, 2, '1305.00', '15.00', '1290.00', '67.89', '1222.11'),
(2678, 1946, 2, '899.00', '3.00', '896.00', '81.45', '814.55'),
(2678, 1947, 1, '885.00', '53.00', '832.00', '92.44', '739.56'),
(2679, 1816, 1, '1251.00', '12.00', '1239.00', '103.25', '1135.75'),
(2679, 1839, 2, '1223.00', '100.00', '1123.00', '86.38', '1036.62'),
(2679, 1843, 2, '1315.00', '4.00', '1311.00', '81.94', '1229.06'),
(2679, 1936, 1, '1170.00', '5.00', '1165.00', '233.00', '932.00'),
(2679, 2002, 2, '938.00', '66.00', '872.00', '58.13', '813.87'),
(2680, 1927, 2, '1242.00', '43.00', '1199.00', '133.22', '1065.78'),
(2680, 1928, 2, '1305.00', '71.00', '1234.00', '102.83', '1131.17'),
(2681, 1815, 1, '1182.00', '16.00', '1166.00', '72.88', '1093.13'),
(2682, 1832, 3, '1093.00', '68.00', '1025.00', '64.06', '960.94'),
(2682, 1871, 3, '1156.00', '14.00', '1142.00', '103.82', '1038.18'),
(2683, 1810, 1, '1185.00', '46.00', '1139.00', '103.55', '1035.45'),
(2683, 1853, 3, '1436.00', '58.00', '1378.00', '68.90', '1309.10'),
(2684, 1865, 2, '1082.00', '33.00', '1049.00', '55.21', '993.79'),
(2684, 1881, 3, '1315.00', '30.00', '1285.00', '160.63', '1124.38'),
(2684, 1943, 2, '1421.00', '31.00', '1390.00', '126.36', '1263.64'),
(2684, 1975, 3, '1013.00', '10.00', '1003.00', '100.30', '902.70'),
(2685, 1809, 1, '1076.00', '13.00', '1063.00', '55.95', '1007.05'),
(2685, 1861, 2, '735.00', '36.00', '699.00', '53.77', '645.23'),
(2685, 1916, 1, '769.00', '1.00', '768.00', '64.00', '704.00'),
(2685, 1943, 1, '1421.00', '17.00', '1404.00', '127.64', '1276.36'),
(2685, 1981, 2, '698.00', '70.00', '628.00', '104.67', '523.33'),
(2686, 1847, 2, '1415.00', '42.00', '1373.00', '171.63', '1201.38'),
(2686, 1994, 3, '1367.00', '77.00', '1290.00', '129.00', '1161.00'),
(2687, 1911, 3, '859.00', '21.00', '838.00', '167.60', '670.40'),
(2687, 1955, 3, '779.00', '29.00', '750.00', '46.88', '703.13'),
(2688, 1992, 3, '1303.00', '33.00', '1270.00', '79.38', '1190.63'),
(2689, 1867, 3, '1418.00', '10.00', '1408.00', '117.33', '1290.67'),
(2690, 1820, 2, '812.00', '88.00', '724.00', '55.69', '668.31'),
(2690, 1883, 1, '732.00', '69.00', '663.00', '60.27', '602.73'),
(2690, 1940, 2, '1171.00', '23.00', '1148.00', '95.67', '1052.33'),
(2690, 1982, 2, '815.00', '59.00', '756.00', '50.40', '705.60'),
(2691, 1821, 1, '1136.00', '39.00', '1097.00', '182.83', '914.17'),
(2691, 1859, 3, '888.00', '53.00', '835.00', '104.38', '730.63'),
(2691, 1927, 2, '1242.00', '16.00', '1226.00', '61.30', '1164.70'),
(2692, 1819, 3, '1312.00', '49.00', '1263.00', '210.50', '1052.50'),
(2692, 1964, 3, '1409.00', '31.00', '1378.00', '68.90', '1309.10'),
(2693, 1891, 2, '1226.00', '27.00', '1199.00', '59.95', '1139.05'),
(2693, 1933, 1, '1221.00', '19.00', '1202.00', '171.71', '1030.29'),
(2694, 1810, 3, '1185.00', '15.00', '1170.00', '65.00', '1105.00'),
(2694, 1912, 1, '820.00', '0.00', '820.00', '43.16', '776.84'),
(2694, 1929, 3, '1179.00', '23.00', '1156.00', '231.20', '924.80'),
(2694, 1980, 1, '886.00', '31.00', '855.00', '71.25', '783.75'),
(2694, 1991, 3, '902.00', '68.00', '834.00', '166.80', '667.20'),
(2695, 1820, 3, '812.00', '64.00', '748.00', '46.75', '701.25'),
(2696, 1830, 3, '672.00', '91.00', '581.00', '83.00', '498.00'),
(2696, 1980, 3, '886.00', '5.00', '881.00', '67.77', '813.23'),
(2697, 1866, 1, '1204.00', '5.00', '1199.00', '109.00', '1090.00'),
(2698, 1807, 3, '1214.00', '96.00', '1118.00', '223.60', '894.40'),
(2698, 1878, 1, '1383.00', '66.00', '1317.00', '188.14', '1128.86'),
(2698, 1896, 2, '1249.00', '33.00', '1216.00', '121.60', '1094.40'),
(2698, 1944, 3, '778.00', '52.00', '726.00', '55.85', '670.15'),
(2698, 2003, 2, '1079.00', '45.00', '1034.00', '206.80', '827.20'),
(2699, 1930, 1, '608.00', '53.00', '555.00', '92.50', '462.50'),
(2699, 1992, 1, '1303.00', '62.00', '1241.00', '206.83', '1034.17'),
(2700, 1830, 1, '672.00', '85.00', '587.00', '83.86', '503.14'),
(2700, 1837, 3, '1188.00', '75.00', '1113.00', '58.58', '1054.42'),
(2700, 1893, 3, '1408.00', '17.00', '1391.00', '278.20', '1112.80'),
(2700, 1975, 3, '1013.00', '95.00', '918.00', '91.80', '826.20'),
(2700, 1997, 1, '1218.00', '64.00', '1154.00', '96.17', '1057.83'),
(2701, 1818, 2, '967.00', '27.00', '940.00', '58.75', '881.25'),
(2701, 1826, 3, '841.00', '57.00', '784.00', '49.00', '735.00'),
(2701, 1863, 3, '1218.00', '32.00', '1186.00', '84.71', '1101.29'),
(2701, 1905, 2, '1073.00', '60.00', '1013.00', '53.32', '959.68'),
(2702, 1888, 1, '1080.00', '96.00', '984.00', '89.45', '894.55'),
(2702, 1911, 2, '859.00', '83.00', '776.00', '43.11', '732.89'),
(2702, 1924, 3, '949.00', '62.00', '887.00', '46.68', '840.32'),
(2702, 1930, 3, '608.00', '69.00', '539.00', '35.93', '503.07'),
(2702, 1939, 2, '994.00', '20.00', '974.00', '108.22', '865.78'),
(2703, 1890, 3, '1011.00', '90.00', '921.00', '57.56', '863.44'),
(2703, 1937, 2, '992.00', '45.00', '947.00', '49.84', '897.16'),
(2703, 1969, 1, '1308.00', '33.00', '1275.00', '127.50', '1147.50'),
(2704, 1840, 1, '1116.00', '84.00', '1032.00', '147.43', '884.57'),
(2705, 1816, 3, '1251.00', '51.00', '1200.00', '92.31', '1107.69'),
(2705, 1866, 1, '1204.00', '84.00', '1120.00', '58.95', '1061.05'),
(2705, 1899, 2, '888.00', '23.00', '865.00', '43.25', '821.75'),
(2705, 1968, 3, '754.00', '51.00', '703.00', '63.91', '639.09'),
(2706, 1856, 2, '1248.00', '30.00', '1218.00', '121.80', '1096.20'),
(2707, 1815, 3, '1182.00', '64.00', '1118.00', '101.64', '1016.36'),
(2707, 1881, 3, '1315.00', '100.00', '1215.00', '60.75', '1154.25'),
(2707, 1969, 3, '1308.00', '20.00', '1288.00', '184.00', '1104.00'),
(2707, 1980, 1, '886.00', '96.00', '790.00', '87.78', '702.22'),
(2708, 1828, 3, '1117.00', '58.00', '1059.00', '88.25', '970.75'),
(2709, 1813, 1, '1283.00', '63.00', '1220.00', '152.50', '1067.50'),
(2709, 1829, 2, '1385.00', '63.00', '1322.00', '132.20', '1189.80'),
(2709, 1879, 3, '904.00', '90.00', '814.00', '74.00', '740.00'),
(2709, 1941, 1, '1062.00', '76.00', '986.00', '58.00', '928.00'),
(2710, 1843, 1, '1315.00', '68.00', '1247.00', '207.83', '1039.17'),
(2710, 1958, 3, '784.00', '33.00', '751.00', '46.94', '704.06'),
(2710, 1985, 2, '756.00', '40.00', '716.00', '119.33', '596.67'),
(2710, 2002, 1, '938.00', '25.00', '913.00', '101.44', '811.56'),
(2710, 2005, 2, '1136.00', '88.00', '1048.00', '74.86', '973.14'),
(2711, 1869, 3, '647.00', '35.00', '612.00', '51.00', '561.00'),
(2711, 1886, 2, '1411.00', '96.00', '1315.00', '219.17', '1095.83'),
(2711, 1906, 1, '987.00', '63.00', '924.00', '66.00', '858.00'),
(2711, 1990, 3, '1382.00', '68.00', '1314.00', '65.70', '1248.30'),
(2712, 1854, 2, '900.00', '38.00', '862.00', '172.40', '689.60'),
(2713, 1807, 3, '1214.00', '59.00', '1155.00', '82.50', '1072.50'),
(2713, 1810, 2, '1185.00', '38.00', '1147.00', '76.47', '1070.53'),
(2713, 1925, 1, '873.00', '57.00', '816.00', '48.00', '768.00'),
(2713, 1955, 2, '779.00', '75.00', '704.00', '117.33', '586.67'),
(2713, 1968, 2, '754.00', '30.00', '724.00', '80.44', '643.56'),
(2714, 1822, 2, '1429.00', '1.00', '1428.00', '178.50', '1249.50'),
(2714, 1898, 2, '1320.00', '92.00', '1228.00', '64.63', '1163.37'),
(2714, 1973, 2, '869.00', '59.00', '810.00', '81.00', '729.00'),
(2715, 1843, 1, '1315.00', '24.00', '1291.00', '99.31', '1191.69'),
(2715, 1990, 2, '1382.00', '45.00', '1337.00', '121.55', '1215.45'),
(2716, 1971, 2, '650.00', '77.00', '573.00', '71.63', '501.38'),
(2717, 1814, 3, '1063.00', '42.00', '1021.00', '56.72', '964.28'),
(2717, 1816, 1, '1251.00', '45.00', '1206.00', '241.20', '964.80'),
(2717, 1867, 1, '1418.00', '24.00', '1394.00', '126.73', '1267.27'),
(2717, 1983, 3, '764.00', '51.00', '713.00', '54.85', '658.15'),
(2718, 1942, 1, '1311.00', '19.00', '1292.00', '143.56', '1148.44'),
(2718, 1950, 1, '1316.00', '28.00', '1288.00', '99.08', '1188.92'),
(2719, 1952, 1, '1460.00', '93.00', '1367.00', '151.89', '1215.11'),
(2720, 1819, 1, '1312.00', '39.00', '1273.00', '115.73', '1157.27'),
(2720, 1867, 2, '1418.00', '98.00', '1320.00', '110.00', '1210.00'),
(2720, 1943, 2, '1421.00', '9.00', '1412.00', '78.44', '1333.56'),
(2720, 1965, 1, '721.00', '88.00', '633.00', '35.17', '597.83'),
(2721, 1842, 1, '932.00', '65.00', '867.00', '48.17', '818.83'),
(2721, 1895, 3, '1213.00', '72.00', '1141.00', '228.20', '912.80'),
(2721, 1974, 3, '930.00', '20.00', '910.00', '182.00', '728.00'),
(2722, 1815, 1, '1182.00', '49.00', '1133.00', '59.63', '1073.37'),
(2722, 1920, 1, '942.00', '52.00', '890.00', '63.57', '826.43'),
(2722, 1997, 2, '1218.00', '98.00', '1120.00', '70.00', '1050.00'),
(2723, 1826, 1, '841.00', '15.00', '826.00', '45.89', '780.11'),
(2723, 1959, 2, '711.00', '40.00', '671.00', '44.73', '626.27'),
(2724, 1848, 1, '917.00', '63.00', '854.00', '85.40', '768.60'),
(2724, 1999, 2, '1493.00', '91.00', '1402.00', '233.67', '1168.33'),
(2725, 1900, 3, '563.00', '53.00', '510.00', '26.84', '483.16'),
(2725, 1905, 1, '1073.00', '11.00', '1062.00', '70.80', '991.20'),
(2725, 1972, 1, '510.00', '60.00', '450.00', '90.00', '360.00'),
(2725, 1978, 1, '1266.00', '8.00', '1258.00', '125.80', '1132.20'),
(2725, 2004, 3, '766.00', '24.00', '742.00', '57.08', '684.92'),
(2726, 1996, 3, '685.00', '66.00', '619.00', '103.17', '515.83'),
(2727, 1865, 3, '1082.00', '88.00', '994.00', '55.22', '938.78'),
(2728, 1957, 1, '1279.00', '39.00', '1240.00', '177.14', '1062.86'),
(2729, 1876, 3, '1484.00', '11.00', '1473.00', '122.75', '1350.25'),
(2729, 1882, 1, '966.00', '54.00', '912.00', '101.33', '810.67'),
(2729, 1900, 1, '563.00', '40.00', '523.00', '43.58', '479.42'),
(2729, 1966, 2, '1029.00', '97.00', '932.00', '133.14', '798.86'),
(2730, 1842, 1, '932.00', '5.00', '927.00', '92.70', '834.30'),
(2730, 1935, 2, '1467.00', '38.00', '1429.00', '129.91', '1299.09'),
(2731, 1883, 1, '732.00', '44.00', '688.00', '98.29', '589.71'),
(2731, 1918, 2, '1158.00', '66.00', '1092.00', '109.20', '982.80'),
(2731, 1992, 2, '1303.00', '16.00', '1287.00', '143.00', '1144.00'),
(2732, 1812, 2, '1143.00', '62.00', '1081.00', '108.10', '972.90'),
(2732, 1835, 2, '1058.00', '13.00', '1045.00', '209.00', '836.00'),
(2732, 1889, 2, '1305.00', '42.00', '1263.00', '210.50', '1052.50'),
(2732, 1918, 2, '1158.00', '99.00', '1059.00', '105.90', '953.10'),
(2733, 1950, 2, '1316.00', '28.00', '1288.00', '184.00', '1104.00'),
(2734, 1832, 3, '1093.00', '84.00', '1009.00', '84.08', '924.92'),
(2734, 2005, 2, '1136.00', '57.00', '1079.00', '215.80', '863.20'),
(2735, 1864, 1, '953.00', '57.00', '896.00', '112.00', '784.00'),
(2735, 1872, 1, '729.00', '50.00', '679.00', '75.44', '603.56'),
(2735, 1989, 3, '1320.00', '98.00', '1222.00', '81.47', '1140.53'),
(2735, 1991, 1, '902.00', '82.00', '820.00', '63.08', '756.92'),
(2735, 1995, 2, '585.00', '10.00', '575.00', '30.26', '544.74'),
(2736, 1812, 2, '1143.00', '39.00', '1104.00', '73.60', '1030.40'),
(2736, 1942, 3, '1311.00', '9.00', '1302.00', '130.20', '1171.80'),
(2737, 1853, 2, '1436.00', '75.00', '1361.00', '272.20', '1088.80'),
(2737, 1864, 3, '953.00', '85.00', '868.00', '45.68', '822.32'),
(2737, 1895, 3, '1213.00', '98.00', '1115.00', '65.59', '1049.41'),
(2737, 1958, 1, '784.00', '5.00', '779.00', '97.38', '681.63'),
(2737, 1969, 2, '1308.00', '85.00', '1223.00', '135.89', '1087.11'),
(2738, 1938, 3, '1445.00', '37.00', '1408.00', '78.22', '1329.78'),
(2739, 1823, 2, '688.00', '99.00', '589.00', '53.55', '535.45'),
(2739, 1927, 3, '1242.00', '39.00', '1203.00', '109.36', '1093.64'),
(2739, 1947, 2, '885.00', '52.00', '833.00', '59.50', '773.50'),
(2739, 1974, 1, '930.00', '52.00', '878.00', '43.90', '834.10'),
(2739, 2001, 3, '1458.00', '31.00', '1427.00', '129.73', '1297.27'),
(2740, 1825, 1, '1023.00', '5.00', '1018.00', '78.31', '939.69'),
(2740, 1870, 1, '815.00', '20.00', '795.00', '66.25', '728.75'),
(2740, 1903, 3, '862.00', '33.00', '829.00', '48.76', '780.24'),
(2740, 2005, 2, '1136.00', '52.00', '1084.00', '57.05', '1026.95'),
(2741, 1862, 3, '1185.00', '25.00', '1160.00', '72.50', '1087.50'),
(2741, 1940, 1, '1171.00', '12.00', '1159.00', '89.15', '1069.85'),
(2742, 1832, 3, '1093.00', '12.00', '1081.00', '216.20', '864.80'),
(2742, 1886, 1, '1411.00', '8.00', '1403.00', '107.92', '1295.08'),
(2742, 1905, 2, '1073.00', '19.00', '1054.00', '62.00', '992.00'),
(2742, 1945, 2, '1337.00', '6.00', '1331.00', '266.20', '1064.80'),
(2742, 1977, 3, '1349.00', '14.00', '1335.00', '111.25', '1223.75'),
(2743, 1814, 3, '1063.00', '24.00', '1039.00', '103.90', '935.10'),
(2743, 1914, 3, '1356.00', '83.00', '1273.00', '115.73', '1157.27'),
(2743, 1970, 3, '1216.00', '61.00', '1155.00', '72.19', '1082.81'),
(2743, 1996, 2, '685.00', '86.00', '599.00', '37.44', '561.56'),
(2744, 1852, 2, '1089.00', '88.00', '1001.00', '62.56', '938.44'),
(2744, 1860, 3, '785.00', '62.00', '723.00', '65.73', '657.27'),
(2744, 1883, 3, '732.00', '33.00', '699.00', '116.50', '582.50'),
(2744, 1957, 2, '1279.00', '12.00', '1267.00', '97.46', '1169.54'),
(2745, 1960, 2, '765.00', '22.00', '743.00', '37.15', '705.85'),
(2745, 1962, 1, '930.00', '74.00', '856.00', '71.33', '784.67'),
(2746, 1806, 2, '973.00', '50.00', '923.00', '131.86', '791.14'),
(2746, 1851, 1, '823.00', '89.00', '734.00', '52.43', '681.57'),
(2746, 1856, 1, '1248.00', '84.00', '1164.00', '105.82', '1058.18'),
(2746, 1857, 2, '1246.00', '20.00', '1226.00', '153.25', '1072.75'),
(2746, 1945, 3, '1337.00', '24.00', '1313.00', '101.00', '1212.00'),
(2747, 1961, 2, '1083.00', '2.00', '1081.00', '83.15', '997.85'),
(2748, 1809, 1, '1076.00', '44.00', '1032.00', '64.50', '967.50'),
(2748, 1835, 2, '1058.00', '6.00', '1052.00', '65.75', '986.25'),
(2748, 1984, 1, '1010.00', '82.00', '928.00', '48.84', '879.16'),
(2748, 2004, 1, '766.00', '51.00', '715.00', '89.38', '625.63'),
(2749, 1940, 3, '1171.00', '83.00', '1088.00', '181.33', '906.67'),
(2750, 1911, 1, '859.00', '70.00', '789.00', '41.53', '747.47'),
(2750, 1940, 1, '1171.00', '46.00', '1125.00', '225.00', '900.00'),
(2750, 1954, 1, '607.00', '81.00', '526.00', '32.88', '493.13'),
(2751, 1935, 1, '1467.00', '11.00', '1456.00', '76.63', '1379.37'),
(2751, 1936, 2, '1170.00', '54.00', '1116.00', '79.71', '1036.29'),
(2751, 1959, 3, '711.00', '83.00', '628.00', '89.71', '538.29'),
(2751, 1962, 2, '930.00', '97.00', '833.00', '64.08', '768.92'),
(2752, 1988, 3, '507.00', '40.00', '467.00', '35.92', '431.08'),
(2752, 1993, 3, '1390.00', '76.00', '1314.00', '164.25', '1149.75'),
(2753, 1883, 3, '732.00', '78.00', '654.00', '59.45', '594.55'),
(2753, 1907, 1, '1119.00', '90.00', '1029.00', '85.75', '943.25'),
(2753, 1941, 2, '1062.00', '84.00', '978.00', '163.00', '815.00'),
(2753, 1944, 1, '778.00', '100.00', '678.00', '56.50', '621.50'),
(2753, 1946, 1, '899.00', '56.00', '843.00', '93.67', '749.33'),
(2754, 1912, 1, '820.00', '8.00', '812.00', '62.46', '749.54'),
(2754, 1977, 1, '1349.00', '30.00', '1319.00', '219.83', '1099.17'),
(2755, 1817, 3, '1362.00', '64.00', '1298.00', '129.80', '1168.20'),
(2755, 1861, 3, '735.00', '41.00', '694.00', '138.80', '555.20'),
(2755, 1965, 1, '721.00', '54.00', '667.00', '95.29', '571.71'),
(2756, 1914, 2, '1356.00', '19.00', '1337.00', '191.00', '1146.00'),
(2756, 1951, 3, '843.00', '18.00', '825.00', '75.00', '750.00'),
(2757, 1935, 3, '1467.00', '81.00', '1386.00', '138.60', '1247.40'),
(2757, 1977, 2, '1349.00', '64.00', '1285.00', '71.39', '1213.61'),
(2758, 1813, 2, '1283.00', '57.00', '1226.00', '153.25', '1072.75'),
(2758, 2003, 3, '1079.00', '8.00', '1071.00', '119.00', '952.00'),
(2759, 1813, 2, '1283.00', '27.00', '1256.00', '78.50', '1177.50'),
(2760, 1807, 1, '1214.00', '5.00', '1209.00', '120.90', '1088.10'),
(2760, 1850, 1, '620.00', '94.00', '526.00', '27.68', '498.32'),
(2760, 1861, 3, '735.00', '76.00', '659.00', '54.92', '604.08'),
(2760, 1935, 2, '1467.00', '19.00', '1448.00', '85.18', '1362.82'),
(2760, 1955, 1, '779.00', '49.00', '730.00', '146.00', '584.00'),
(2761, 1859, 2, '888.00', '7.00', '881.00', '44.05', '836.95'),
(2761, 1899, 2, '888.00', '1.00', '887.00', '126.71', '760.29'),
(2761, 1936, 1, '1170.00', '95.00', '1075.00', '107.50', '967.50'),
(2761, 1992, 1, '1303.00', '29.00', '1274.00', '106.17', '1167.83'),
(2762, 1860, 1, '785.00', '61.00', '724.00', '120.67', '603.33'),
(2762, 1869, 1, '647.00', '6.00', '641.00', '40.06', '600.94'),
(2762, 1946, 1, '899.00', '1.00', '898.00', '89.80', '808.20'),
(2763, 1856, 2, '1248.00', '41.00', '1207.00', '150.88', '1056.13'),
(2763, 1882, 3, '966.00', '50.00', '916.00', '114.50', '801.50'),
(2763, 1964, 2, '1409.00', '78.00', '1331.00', '166.38', '1164.63'),
(2763, 1983, 3, '764.00', '20.00', '744.00', '53.14', '690.86'),
(2763, 2000, 3, '727.00', '54.00', '673.00', '51.77', '621.23'),
(2764, 1813, 1, '1283.00', '80.00', '1203.00', '85.93', '1117.07'),
(2764, 1832, 2, '1093.00', '69.00', '1024.00', '68.27', '955.73'),
(2764, 1967, 3, '981.00', '82.00', '899.00', '179.80', '719.20'),
(2764, 1984, 2, '1010.00', '96.00', '914.00', '50.78', '863.22'),
(2764, 1988, 1, '507.00', '56.00', '451.00', '37.58', '413.42'),
(2765, 1971, 1, '650.00', '48.00', '602.00', '30.10', '571.90'),
(2766, 1928, 3, '1305.00', '69.00', '1236.00', '176.57', '1059.43'),
(2766, 1972, 2, '510.00', '60.00', '450.00', '45.00', '405.00'),
(2767, 1881, 1, '1315.00', '60.00', '1255.00', '179.29', '1075.71'),
(2767, 1977, 3, '1349.00', '35.00', '1314.00', '109.50', '1204.50'),
(2768, 1848, 2, '917.00', '2.00', '915.00', '65.36', '849.64'),
(2768, 2002, 2, '938.00', '84.00', '854.00', '142.33', '711.67'),
(2769, 1823, 1, '688.00', '23.00', '665.00', '95.00', '570.00'),
(2769, 1866, 3, '1204.00', '19.00', '1185.00', '148.13', '1036.88'),
(2769, 1922, 1, '786.00', '4.00', '782.00', '43.44', '738.56'),
(2769, 1964, 1, '1409.00', '85.00', '1324.00', '77.88', '1246.12'),
(2769, 1999, 3, '1493.00', '71.00', '1422.00', '142.20', '1279.80'),
(2770, 1839, 2, '1223.00', '41.00', '1182.00', '73.88', '1108.13'),
(2770, 1986, 3, '1437.00', '40.00', '1397.00', '139.70', '1257.30'),
(2771, 1946, 3, '899.00', '59.00', '840.00', '140.00', '700.00'),
(2771, 2001, 2, '1458.00', '63.00', '1395.00', '155.00', '1240.00'),
(2772, 1979, 2, '1483.00', '27.00', '1456.00', '91.00', '1365.00'),
(2772, 1991, 3, '902.00', '1.00', '901.00', '64.36', '836.64');
INSERT INTO `orders_product` (`id_order`, `id_product`, `count`, `price`, `discount`, `final_price`, `profit`, `cost_price`) VALUES
(2773, 1829, 3, '1385.00', '14.00', '1371.00', '274.20', '1096.80'),
(2773, 1899, 3, '888.00', '40.00', '848.00', '60.57', '787.43'),
(2773, 1925, 2, '873.00', '1.00', '872.00', '45.89', '826.11'),
(2773, 1975, 2, '1013.00', '72.00', '941.00', '94.10', '846.90'),
(2773, 1991, 2, '902.00', '43.00', '859.00', '95.44', '763.56'),
(2774, 1840, 1, '1116.00', '14.00', '1102.00', '55.10', '1046.90'),
(2774, 1873, 3, '1394.00', '45.00', '1349.00', '134.90', '1214.10'),
(2774, 1902, 2, '1220.00', '34.00', '1186.00', '169.43', '1016.57'),
(2774, 1926, 1, '799.00', '55.00', '744.00', '106.29', '637.71'),
(2775, 1893, 3, '1408.00', '21.00', '1387.00', '138.70', '1248.30'),
(2775, 1960, 1, '765.00', '45.00', '720.00', '120.00', '600.00'),
(2775, 1965, 2, '721.00', '18.00', '703.00', '63.91', '639.09'),
(2776, 1916, 1, '769.00', '14.00', '755.00', '50.33', '704.67'),
(2777, 1829, 2, '1385.00', '24.00', '1361.00', '226.83', '1134.17'),
(2777, 1860, 1, '785.00', '56.00', '729.00', '66.27', '662.73'),
(2777, 1914, 3, '1356.00', '75.00', '1281.00', '160.13', '1120.88'),
(2777, 1936, 2, '1170.00', '87.00', '1083.00', '90.25', '992.75'),
(2777, 1994, 2, '1367.00', '21.00', '1346.00', '74.78', '1271.22'),
(2778, 1826, 2, '841.00', '82.00', '759.00', '39.95', '719.05'),
(2778, 1894, 2, '1360.00', '85.00', '1275.00', '127.50', '1147.50'),
(2779, 1815, 3, '1182.00', '52.00', '1130.00', '94.17', '1035.83'),
(2779, 1838, 2, '1393.00', '71.00', '1322.00', '132.20', '1189.80'),
(2779, 1894, 3, '1360.00', '77.00', '1283.00', '80.19', '1202.81'),
(2779, 1970, 3, '1216.00', '84.00', '1132.00', '62.89', '1069.11'),
(2779, 2004, 2, '766.00', '90.00', '676.00', '35.58', '640.42'),
(2780, 1822, 3, '1429.00', '19.00', '1410.00', '88.13', '1321.88'),
(2780, 1833, 3, '761.00', '8.00', '753.00', '62.75', '690.25'),
(2780, 1996, 1, '685.00', '6.00', '679.00', '84.88', '594.13'),
(2781, 1942, 3, '1311.00', '1.00', '1310.00', '218.33', '1091.67'),
(2781, 1964, 3, '1409.00', '78.00', '1331.00', '88.73', '1242.27'),
(2781, 1970, 3, '1216.00', '78.00', '1138.00', '189.67', '948.33'),
(2782, 1987, 1, '877.00', '76.00', '801.00', '42.16', '758.84'),
(2783, 1861, 3, '735.00', '84.00', '651.00', '40.69', '610.31'),
(2783, 1956, 3, '1359.00', '59.00', '1300.00', '185.71', '1114.29'),
(2784, 1964, 1, '1409.00', '94.00', '1315.00', '146.11', '1168.89'),
(2784, 1967, 1, '981.00', '30.00', '951.00', '50.05', '900.95'),
(2785, 1812, 2, '1143.00', '88.00', '1055.00', '131.88', '923.13'),
(2785, 1849, 2, '1233.00', '89.00', '1144.00', '163.43', '980.57'),
(2785, 1945, 3, '1337.00', '10.00', '1327.00', '69.84', '1257.16'),
(2786, 1846, 1, '707.00', '27.00', '680.00', '97.14', '582.86'),
(2786, 1872, 2, '729.00', '41.00', '688.00', '38.22', '649.78'),
(2786, 1972, 3, '510.00', '13.00', '497.00', '62.13', '434.88'),
(2787, 1868, 2, '1319.00', '36.00', '1283.00', '160.38', '1122.63'),
(2787, 1893, 1, '1408.00', '37.00', '1371.00', '124.64', '1246.36'),
(2787, 1939, 2, '994.00', '58.00', '936.00', '93.60', '842.40'),
(2788, 1832, 1, '1093.00', '85.00', '1008.00', '126.00', '882.00'),
(2788, 1860, 1, '785.00', '46.00', '739.00', '123.17', '615.83'),
(2788, 1917, 2, '650.00', '90.00', '560.00', '35.00', '525.00'),
(2788, 1921, 3, '1217.00', '39.00', '1178.00', '58.90', '1119.10'),
(2789, 1899, 2, '888.00', '25.00', '863.00', '95.89', '767.11'),
(2790, 1817, 3, '1362.00', '25.00', '1337.00', '70.37', '1266.63'),
(2790, 1828, 3, '1117.00', '28.00', '1089.00', '54.45', '1034.55'),
(2790, 1846, 2, '707.00', '59.00', '648.00', '64.80', '583.20'),
(2791, 1834, 1, '800.00', '10.00', '790.00', '158.00', '632.00'),
(2791, 1857, 2, '1246.00', '96.00', '1150.00', '127.78', '1022.22'),
(2792, 1836, 1, '1365.00', '13.00', '1352.00', '96.57', '1255.43'),
(2792, 1923, 3, '1181.00', '83.00', '1098.00', '84.46', '1013.54'),
(2792, 1974, 1, '930.00', '63.00', '867.00', '86.70', '780.30'),
(2792, 2000, 1, '727.00', '92.00', '635.00', '57.73', '577.27'),
(2793, 1981, 2, '698.00', '77.00', '621.00', '103.50', '517.50'),
(2794, 1809, 3, '1076.00', '95.00', '981.00', '51.63', '929.37'),
(2794, 1941, 2, '1062.00', '70.00', '992.00', '110.22', '881.78'),
(2794, 1966, 3, '1029.00', '30.00', '999.00', '66.60', '932.40'),
(2795, 1808, 2, '504.00', '55.00', '449.00', '44.90', '404.10'),
(2795, 1863, 1, '1218.00', '50.00', '1168.00', '116.80', '1051.20'),
(2796, 1822, 2, '1429.00', '11.00', '1418.00', '177.25', '1240.75'),
(2796, 1902, 1, '1220.00', '61.00', '1159.00', '115.90', '1043.10'),
(2797, 1916, 3, '769.00', '66.00', '703.00', '46.87', '656.13'),
(2798, 1882, 2, '966.00', '31.00', '935.00', '85.00', '850.00'),
(2798, 1944, 1, '778.00', '2.00', '776.00', '48.50', '727.50'),
(2799, 1971, 1, '650.00', '27.00', '623.00', '56.64', '566.36'),
(2800, 1815, 1, '1182.00', '31.00', '1151.00', '230.20', '920.80'),
(2800, 1842, 1, '932.00', '86.00', '846.00', '70.50', '775.50'),
(2800, 1918, 1, '1158.00', '40.00', '1118.00', '86.00', '1032.00'),
(2800, 1923, 1, '1181.00', '46.00', '1135.00', '70.94', '1064.06'),
(2800, 1948, 2, '871.00', '56.00', '815.00', '81.50', '733.50'),
(2801, 1864, 3, '953.00', '50.00', '903.00', '90.30', '812.70'),
(2801, 1932, 1, '885.00', '52.00', '833.00', '166.60', '666.40'),
(2801, 1943, 1, '1421.00', '71.00', '1350.00', '96.43', '1253.57'),
(2801, 1953, 1, '575.00', '77.00', '498.00', '29.29', '468.71'),
(2801, 1972, 2, '510.00', '38.00', '472.00', '24.84', '447.16'),
(2802, 1812, 2, '1143.00', '36.00', '1107.00', '158.14', '948.86'),
(2803, 1935, 3, '1467.00', '1.00', '1466.00', '244.33', '1221.67'),
(2803, 1975, 1, '1013.00', '37.00', '976.00', '61.00', '915.00'),
(2804, 1817, 2, '1362.00', '37.00', '1325.00', '82.81', '1242.19'),
(2804, 1842, 1, '932.00', '72.00', '860.00', '86.00', '774.00'),
(2804, 1878, 3, '1383.00', '100.00', '1283.00', '116.64', '1166.36'),
(2804, 1922, 3, '786.00', '92.00', '694.00', '138.80', '555.20'),
(2804, 1961, 3, '1083.00', '19.00', '1064.00', '106.40', '957.60'),
(2805, 1844, 3, '1464.00', '1.00', '1463.00', '91.44', '1371.56'),
(2805, 1982, 2, '815.00', '17.00', '798.00', '133.00', '665.00'),
(2806, 1815, 2, '1182.00', '52.00', '1130.00', '59.47', '1070.53'),
(2806, 1846, 1, '707.00', '79.00', '628.00', '89.71', '538.29'),
(2807, 1833, 1, '761.00', '1.00', '760.00', '50.67', '709.33'),
(2807, 1911, 2, '859.00', '78.00', '781.00', '45.94', '735.06'),
(2807, 1932, 3, '885.00', '94.00', '791.00', '87.89', '703.11'),
(2807, 1962, 3, '930.00', '3.00', '927.00', '66.21', '860.79'),
(2807, 1966, 1, '1029.00', '91.00', '938.00', '187.60', '750.40');

-- --------------------------------------------------------

--
-- Структура таблицы `products`
--

CREATE TABLE `products` (
  `id` int NOT NULL,
  `product_name` varchar(200) NOT NULL,
  `price` decimal(10,0) NOT NULL,
  `discount` decimal(10,0) DEFAULT NULL,
  `id_category` int NOT NULL,
  `id_brand` int NOT NULL,
  `id_manufacturer_сountry` int NOT NULL
) ENGINE=InnoDB DEFAULT CHARSET=utf8;

--
-- Дамп данных таблицы `products`
--

INSERT INTO `products` (`id`, `product_name`, `price`, `discount`, `id_category`, `id_brand`, `id_manufacturer_сountry`) VALUES
(1806, 'товар 1', '973', '196', 3, 8, 4),
(1807, 'товар 2', '1214', '168', 3, 4, 1),
(1808, 'товар 3', '504', '151', 8, 2, 5),
(1809, 'товар 4', '1076', '32', 6, 9, 5),
(1810, 'товар 5', '1185', '74', 4, 4, 2),
(1811, 'товар 6', '584', '121', 9, 5, 5),
(1812, 'товар 7', '1143', '191', 1, 8, 5),
(1813, 'товар 8', '1283', '60', 5, 1, 6),
(1814, 'товар 9', '1063', '181', 8, 4, 2),
(1815, 'товар 10', '1182', '95', 1, 6, 6),
(1816, 'товар 11', '1251', '20', 9, 9, 6),
(1817, 'товар 12', '1362', '162', 7, 1, 6),
(1818, 'товар 13', '967', '8', 3, 6, 5),
(1819, 'товар 14', '1312', '188', 6, 7, 5),
(1820, 'товар 15', '812', '73', 9, 9, 5),
(1821, 'товар 16', '1136', '75', 2, 5, 6),
(1822, 'товар 17', '1429', '161', 10, 8, 6),
(1823, 'товар 18', '688', '100', 1, 4, 4),
(1824, 'товар 19', '1268', '65', 4, 7, 5),
(1825, 'товар 20', '1023', '70', 10, 8, 2),
(1826, 'товар 21', '841', '121', 2, 9, 5),
(1827, 'товар 22', '1045', '78', 10, 7, 1),
(1828, 'товар 23', '1117', '150', 10, 6, 3),
(1829, 'товар 24', '1385', '84', 6, 6, 2),
(1830, 'товар 25', '672', '13', 7, 5, 3),
(1831, 'товар 26', '1263', '7', 1, 1, 5),
(1832, 'товар 27', '1093', '75', 4, 7, 2),
(1833, 'товар 28', '761', '110', 1, 7, 1),
(1834, 'товар 29', '800', '64', 1, 5, 3),
(1835, 'товар 30', '1058', '7', 9, 5, 4),
(1836, 'товар 31', '1365', '172', 9, 4, 1),
(1837, 'товар 32', '1188', '69', 6, 8, 6),
(1838, 'товар 33', '1393', '126', 6, 2, 2),
(1839, 'товар 34', '1223', '80', 6, 2, 5),
(1840, 'товар 35', '1116', '179', 2, 9, 3),
(1841, 'товар 36', '549', '32', 1, 10, 2),
(1842, 'товар 37', '932', '92', 8, 4, 1),
(1843, 'товар 38', '1315', '134', 1, 3, 5),
(1844, 'товар 39', '1464', '193', 3, 3, 4),
(1845, 'товар 40', '928', '138', 10, 6, 1),
(1846, 'товар 41', '707', '60', 9, 4, 2),
(1847, 'товар 42', '1415', '19', 4, 6, 6),
(1848, 'товар 43', '917', '124', 10, 5, 1),
(1849, 'товар 44', '1233', '137', 2, 4, 6),
(1850, 'товар 45', '620', '85', 8, 2, 6),
(1851, 'товар 46', '823', '4', 3, 8, 3),
(1852, 'товар 47', '1089', '46', 10, 3, 6),
(1853, 'товар 48', '1436', '4', 1, 7, 1),
(1854, 'товар 49', '900', '83', 4, 3, 2),
(1855, 'товар 50', '1244', '137', 10, 3, 2),
(1856, 'товар 51', '1248', '182', 3, 8, 1),
(1857, 'товар 52', '1246', '163', 6, 5, 2),
(1858, 'товар 53', '744', '135', 8, 8, 5),
(1859, 'товар 54', '888', '185', 1, 8, 3),
(1860, 'товар 55', '785', '155', 7, 9, 6),
(1861, 'товар 56', '735', '124', 7, 9, 2),
(1862, 'товар 57', '1185', '183', 8, 8, 1),
(1863, 'товар 58', '1218', '17', 6, 6, 1),
(1864, 'товар 59', '953', '25', 3, 3, 3),
(1865, 'товар 60', '1082', '133', 9, 5, 5),
(1866, 'товар 61', '1204', '189', 8, 8, 4),
(1867, 'товар 62', '1418', '19', 9, 2, 2),
(1868, 'товар 63', '1319', '58', 3, 5, 1),
(1869, 'товар 64', '647', '121', 7, 2, 2),
(1870, 'товар 65', '815', '75', 6, 9, 6),
(1871, 'товар 66', '1156', '65', 5, 2, 3),
(1872, 'товар 67', '729', '134', 4, 10, 3),
(1873, 'товар 68', '1394', '94', 3, 6, 2),
(1874, 'товар 69', '966', '87', 4, 7, 3),
(1875, 'товар 70', '983', '24', 4, 10, 2),
(1876, 'товар 71', '1484', '138', 4, 9, 3),
(1877, 'товар 72', '1046', '135', 2, 3, 4),
(1878, 'товар 73', '1383', '142', 1, 1, 5),
(1879, 'товар 74', '904', '60', 5, 5, 1),
(1880, 'товар 75', '1096', '80', 6, 3, 6),
(1881, 'товар 76', '1315', '17', 4, 9, 5),
(1882, 'товар 77', '966', '93', 9, 10, 1),
(1883, 'товар 78', '732', '190', 10, 5, 1),
(1884, 'товар 79', '937', '146', 8, 9, 3),
(1885, 'товар 80', '719', '19', 7, 10, 3),
(1886, 'товар 81', '1411', '55', 8, 10, 6),
(1887, 'товар 82', '904', '142', 1, 5, 1),
(1888, 'товар 83', '1080', '96', 1, 10, 5),
(1889, 'товар 84', '1305', '45', 3, 10, 2),
(1890, 'товар 85', '1011', '16', 4, 4, 1),
(1891, 'товар 86', '1226', '116', 1, 10, 4),
(1892, 'товар 87', '780', '89', 6, 10, 2),
(1893, 'товар 88', '1408', '0', 5, 1, 1),
(1894, 'товар 89', '1360', '175', 10, 2, 2),
(1895, 'товар 90', '1213', '20', 7, 10, 1),
(1896, 'товар 91', '1249', '197', 2, 6, 6),
(1897, 'товар 92', '1182', '105', 4, 4, 3),
(1898, 'товар 93', '1320', '42', 1, 10, 6),
(1899, 'товар 94', '888', '27', 4, 3, 6),
(1900, 'товар 95', '563', '196', 7, 9, 2),
(1901, 'товар 96', '1256', '106', 4, 4, 2),
(1902, 'товар 97', '1220', '106', 1, 5, 2),
(1903, 'товар 98', '862', '94', 8, 2, 6),
(1904, 'товар 99', '878', '161', 9, 4, 1),
(1905, 'товар 100', '1073', '19', 7, 7, 6),
(1906, 'товар 1', '987', '125', 10, 9, 4),
(1907, 'товар 2', '1119', '45', 6, 5, 3),
(1908, 'товар 3', '1311', '67', 7, 7, 3),
(1909, 'товар 4', '1418', '28', 7, 3, 5),
(1910, 'товар 5', '951', '91', 2, 3, 6),
(1911, 'товар 6', '859', '87', 5, 4, 2),
(1912, 'товар 7', '820', '176', 9, 2, 5),
(1913, 'товар 8', '964', '55', 4, 7, 4),
(1914, 'товар 9', '1356', '103', 5, 2, 3),
(1915, 'товар 10', '1234', '74', 2, 10, 5),
(1916, 'товар 11', '769', '197', 2, 10, 2),
(1917, 'товар 12', '650', '152', 1, 9, 3),
(1918, 'товар 13', '1158', '64', 5, 8, 4),
(1919, 'товар 14', '1278', '32', 3, 4, 1),
(1920, 'товар 15', '942', '30', 1, 2, 4),
(1921, 'товар 16', '1217', '130', 5, 4, 6),
(1922, 'товар 17', '786', '78', 9, 8, 1),
(1923, 'товар 18', '1181', '189', 9, 7, 1),
(1924, 'товар 19', '949', '113', 10, 6, 2),
(1925, 'товар 20', '873', '93', 10, 2, 4),
(1926, 'товар 21', '799', '168', 3, 9, 2),
(1927, 'товар 22', '1242', '97', 4, 5, 3),
(1928, 'товар 23', '1305', '5', 1, 4, 4),
(1929, 'товар 24', '1179', '132', 9, 2, 1),
(1930, 'товар 25', '608', '5', 5, 7, 2),
(1931, 'товар 26', '620', '130', 3, 10, 2),
(1932, 'товар 27', '885', '61', 10, 7, 5),
(1933, 'товар 28', '1221', '95', 8, 4, 6),
(1934, 'товар 29', '943', '191', 3, 10, 1),
(1935, 'товар 30', '1467', '26', 7, 3, 6),
(1936, 'товар 31', '1170', '135', 4, 3, 6),
(1937, 'товар 32', '992', '25', 5, 9, 2),
(1938, 'товар 33', '1445', '151', 4, 3, 4),
(1939, 'товар 34', '994', '12', 8, 8, 2),
(1940, 'товар 35', '1171', '23', 8, 10, 2),
(1941, 'товар 36', '1062', '106', 9, 5, 1),
(1942, 'товар 37', '1311', '158', 4, 7, 4),
(1943, 'товар 38', '1421', '101', 4, 8, 6),
(1944, 'товар 39', '778', '122', 7, 9, 5),
(1945, 'товар 40', '1337', '59', 5, 10, 3),
(1946, 'товар 41', '899', '75', 8, 1, 6),
(1947, 'товар 42', '885', '188', 2, 5, 4),
(1948, 'товар 43', '871', '125', 10, 6, 1),
(1949, 'товар 44', '1284', '45', 9, 9, 5),
(1950, 'товар 45', '1316', '4', 2, 5, 6),
(1951, 'товар 46', '843', '185', 8, 9, 3),
(1952, 'товар 47', '1460', '109', 6, 6, 5),
(1953, 'товар 48', '575', '117', 1, 4, 6),
(1954, 'товар 49', '607', '143', 2, 8, 3),
(1955, 'товар 50', '779', '164', 7, 5, 1),
(1956, 'товар 51', '1359', '61', 6, 7, 2),
(1957, 'товар 52', '1279', '131', 2, 10, 2),
(1958, 'товар 53', '784', '200', 5, 3, 1),
(1959, 'товар 54', '711', '78', 10, 4, 5),
(1960, 'товар 55', '765', '84', 10, 8, 4),
(1961, 'товар 56', '1083', '170', 5, 8, 5),
(1962, 'товар 57', '930', '148', 5, 4, 6),
(1963, 'товар 58', '1465', '132', 5, 3, 4),
(1964, 'товар 59', '1409', '72', 2, 5, 5),
(1965, 'товар 60', '721', '30', 8, 7, 5),
(1966, 'товар 61', '1029', '15', 4, 9, 4),
(1967, 'товар 62', '981', '24', 1, 6, 5),
(1968, 'товар 63', '754', '8', 8, 1, 2),
(1969, 'товар 64', '1308', '159', 2, 9, 6),
(1970, 'товар 65', '1216', '155', 3, 1, 1),
(1971, 'товар 66', '650', '49', 9, 6, 2),
(1972, 'товар 67', '510', '100', 4, 5, 1),
(1973, 'товар 68', '869', '163', 4, 9, 6),
(1974, 'товар 69', '930', '101', 6, 3, 4),
(1975, 'товар 70', '1013', '108', 1, 7, 6),
(1976, 'товар 71', '543', '76', 6, 4, 2),
(1977, 'товар 72', '1349', '176', 6, 8, 5),
(1978, 'товар 73', '1266', '116', 5, 6, 4),
(1979, 'товар 74', '1483', '53', 3, 7, 6),
(1980, 'товар 75', '886', '194', 9, 1, 2),
(1981, 'товар 76', '698', '3', 6, 7, 3),
(1982, 'товар 77', '815', '19', 8, 9, 1),
(1983, 'товар 78', '764', '190', 10, 2, 2),
(1984, 'товар 79', '1010', '65', 5, 2, 3),
(1985, 'товар 80', '756', '86', 4, 4, 3),
(1986, 'товар 81', '1437', '139', 6, 5, 3),
(1987, 'товар 82', '877', '91', 9, 7, 2),
(1988, 'товар 83', '507', '38', 8, 2, 1),
(1989, 'товар 84', '1320', '95', 8, 6, 3),
(1990, 'товар 85', '1382', '64', 8, 6, 2),
(1991, 'товар 86', '902', '179', 8, 4, 5),
(1992, 'товар 87', '1303', '170', 3, 5, 2),
(1993, 'товар 88', '1390', '119', 10, 7, 6),
(1994, 'товар 89', '1367', '34', 4, 3, 6),
(1995, 'товар 90', '585', '137', 4, 2, 3),
(1996, 'товар 91', '685', '157', 2, 7, 6),
(1997, 'товар 92', '1218', '160', 1, 9, 2),
(1998, 'товар 93', '710', '59', 7, 10, 3),
(1999, 'товар 94', '1493', '49', 2, 9, 6),
(2000, 'товар 95', '727', '110', 2, 6, 5),
(2001, 'товар 96', '1458', '185', 9, 4, 3),
(2002, 'товар 97', '938', '125', 3, 6, 2),
(2003, 'товар 98', '1079', '73', 8, 9, 4),
(2004, 'товар 99', '766', '187', 2, 2, 3),
(2005, 'товар 100', '1136', '47', 8, 10, 3);

-- --------------------------------------------------------

--
-- Структура таблицы `shops`
--

CREATE TABLE `shops` (
  `id` int NOT NULL,
  `shop_name` varchar(100) NOT NULL
) ENGINE=InnoDB DEFAULT CHARSET=utf8;

--
-- Дамп данных таблицы `shops`
--

INSERT INTO `shops` (`id`, `shop_name`) VALUES
(1, 'Магазин №1'),
(2, 'Магазин №2'),
(3, 'Магазин №3'),
(4, 'Магазин №4'),
(5, 'Магазин №5'),
(6, 'Магазин №6'),
(7, 'Магазин №7'),
(8, 'Магазин №8'),
(9, 'Магазин №9'),
(10, 'Магазин №10');

--
-- Индексы сохранённых таблиц
--

--
-- Индексы таблицы `brand`
--
ALTER TABLE `brand`
  ADD PRIMARY KEY (`id`);

--
-- Индексы таблицы `categories`
--
ALTER TABLE `categories`
  ADD PRIMARY KEY (`id`);

--
-- Индексы таблицы `manufacturer_countries`
--
ALTER TABLE `manufacturer_countries`
  ADD PRIMARY KEY (`id`);

--
-- Индексы таблицы `orders`
--
ALTER TABLE `orders`
  ADD PRIMARY KEY (`id_order`);

--
-- Индексы таблицы `orders_product`
--
ALTER TABLE `orders_product`
  ADD PRIMARY KEY (`id_order`,`id_product`);

--
-- Индексы таблицы `products`
--
ALTER TABLE `products`
  ADD PRIMARY KEY (`id`);

--
-- Индексы таблицы `shops`
--
ALTER TABLE `shops`
  ADD PRIMARY KEY (`id`);

--
-- AUTO_INCREMENT для сохранённых таблиц
--

--
-- AUTO_INCREMENT для таблицы `brand`
--
ALTER TABLE `brand`
  MODIFY `id` int NOT NULL AUTO_INCREMENT, AUTO_INCREMENT=11;

--
-- AUTO_INCREMENT для таблицы `categories`
--
ALTER TABLE `categories`
  MODIFY `id` int NOT NULL AUTO_INCREMENT, AUTO_INCREMENT=11;

--
-- AUTO_INCREMENT для таблицы `manufacturer_countries`
--
ALTER TABLE `manufacturer_countries`
  MODIFY `id` int NOT NULL AUTO_INCREMENT, AUTO_INCREMENT=7;

--
-- AUTO_INCREMENT для таблицы `orders`
--
ALTER TABLE `orders`
  MODIFY `id_order` int NOT NULL AUTO_INCREMENT, AUTO_INCREMENT=2808;

--
-- AUTO_INCREMENT для таблицы `products`
--
ALTER TABLE `products`
  MODIFY `id` int NOT NULL AUTO_INCREMENT, AUTO_INCREMENT=2006;

--
-- AUTO_INCREMENT для таблицы `shops`
--
ALTER TABLE `shops`
  MODIFY `id` int NOT NULL AUTO_INCREMENT, AUTO_INCREMENT=11;
COMMIT;

/*!40101 SET CHARACTER_SET_CLIENT=@OLD_CHARACTER_SET_CLIENT */;
/*!40101 SET CHARACTER_SET_RESULTS=@OLD_CHARACTER_SET_RESULTS */;
/*!40101 SET COLLATION_CONNECTION=@OLD_COLLATION_CONNECTION */;
